UBIGEO;REGION;PROVINCIA;DISTRITO;TOTAL PERSONAL
10101;AMAZONAS;CHACHAPOYAS;CHACHAPOYAS;50
10102;AMAZONAS;CHACHAPOYAS;ASUNCION;0
10103;AMAZONAS;CHACHAPOYAS;BALSAS;0
10104;AMAZONAS;CHACHAPOYAS;CHETO;0
10105;AMAZONAS;CHACHAPOYAS;CHILIQUIN;1
10106;AMAZONAS;CHACHAPOYAS;CHUQUIBAMBA;2
10107;AMAZONAS;CHACHAPOYAS;GRANADA;1
10108;AMAZONAS;CHACHAPOYAS;HUANCAS;2
10109;AMAZONAS;CHACHAPOYAS;LA JALCA;2
10110;AMAZONAS;CHACHAPOYAS;LEIMEBAMBA;0
10111;AMAZONAS;CHACHAPOYAS;LEVANTO;0
10112;AMAZONAS;CHACHAPOYAS;MAGDALENA;1
10113;AMAZONAS;CHACHAPOYAS;MARISCAL CASTILLA;0
10114;AMAZONAS;CHACHAPOYAS;MOLINOPAMPA;6
10115;AMAZONAS;CHACHAPOYAS;MONTEVIDEO;0
10116;AMAZONAS;CHACHAPOYAS;OLLEROS;1
10117;AMAZONAS;CHACHAPOYAS;QUINJALCA;1
10118;AMAZONAS;CHACHAPOYAS;SAN FRANCISCO DE DAGUAS;0
10119;AMAZONAS;CHACHAPOYAS;SAN ISIDRO DE MAINO;0
10120;AMAZONAS;CHACHAPOYAS;SOLOCO;0
10121;AMAZONAS;CHACHAPOYAS;SONCHE;0
10201;AMAZONAS;BAGUA;BAGUA;22
10202;AMAZONAS;BAGUA;ARAMANGO;10
10203;AMAZONAS;BAGUA;COPALLIN;3
10204;AMAZONAS;BAGUA;EL PARCO;0
10205;AMAZONAS;BAGUA;IMAZA;22
10206;AMAZONAS;BAGUA;LA PECA;9
10301;AMAZONAS;BONGARA;JUMBILLA;2
10302;AMAZONAS;BONGARA;CHISQUILLA;1
10303;AMAZONAS;BONGARA;CHURUJA;0
10304;AMAZONAS;BONGARA;COROSHA;0
10305;AMAZONAS;BONGARA;CUISPES;0
10306;AMAZONAS;BONGARA;FLORIDA;17
10307;AMAZONAS;BONGARA;JAZAN;4
10308;AMAZONAS;BONGARA;RECTA;3
10309;AMAZONAS;BONGARA;SAN CARLOS;0
10310;AMAZONAS;BONGARA;SHIPASBAMBA;0
10311;AMAZONAS;BONGARA;VALERA;0
10312;AMAZONAS;BONGARA;YAMBRASBAMBA;2
10401;AMAZONAS;CONDORCANQUI;NIEVA;46
10402;AMAZONAS;CONDORCANQUI;EL CENEPA;15
10403;AMAZONAS;CONDORCANQUI;RIO SANTIAGO;3
10501;AMAZONAS;LUYA;LAMUD;8
10502;AMAZONAS;LUYA;CAMPORREDONDO;4
10503;AMAZONAS;LUYA;COCABAMBA;0
10504;AMAZONAS;LUYA;COLCAMAR;1
10505;AMAZONAS;LUYA;CONILA;0
10506;AMAZONAS;LUYA;INGUILPATA;5
10507;AMAZONAS;LUYA;LONGUITA;3
10508;AMAZONAS;LUYA;LONYA CHICO;0
10509;AMAZONAS;LUYA;LUYA;2
10510;AMAZONAS;LUYA;LUYA VIEJO;0
10511;AMAZONAS;LUYA;MARIA;0
10512;AMAZONAS;LUYA;OCALLI;1
10513;AMAZONAS;LUYA;OCUMAL;0
10514;AMAZONAS;LUYA;PISUQUIA;3
10515;AMAZONAS;LUYA;PROVIDENCIA;0
10516;AMAZONAS;LUYA;SAN CRISTOBAL;0
10517;AMAZONAS;LUYA;SAN FRANCISCO DEL YESO;0
10518;AMAZONAS;LUYA;SAN JERONIMO;1
10519;AMAZONAS;LUYA;SAN JUAN DE LOPECANCHA;0
10520;AMAZONAS;LUYA;SANTA CATALINA;0
10521;AMAZONAS;LUYA;SANTO TOMAS;0
10522;AMAZONAS;LUYA;TINGO;0
10523;AMAZONAS;LUYA;TRITA;0
10601;AMAZONAS;RODRIGUEZ DE MENDOZA;SAN NICOLAS;5
10602;AMAZONAS;RODRIGUEZ DE MENDOZA;CHIRIMOTO;1
10603;AMAZONAS;RODRIGUEZ DE MENDOZA;COCHAMAL;0
10604;AMAZONAS;RODRIGUEZ DE MENDOZA;HUAMBO;2
10605;AMAZONAS;RODRIGUEZ DE MENDOZA;LIMABAMBA;2
10606;AMAZONAS;RODRIGUEZ DE MENDOZA;LONGAR;1
10607;AMAZONAS;RODRIGUEZ DE MENDOZA;MARISCAL BENAVIDES;3
10608;AMAZONAS;RODRIGUEZ DE MENDOZA;MILPUC;0
10609;AMAZONAS;RODRIGUEZ DE MENDOZA;OMIA;4
10610;AMAZONAS;RODRIGUEZ DE MENDOZA;SANTA ROSA;0
10611;AMAZONAS;RODRIGUEZ DE MENDOZA;TOTORA;0
10612;AMAZONAS;RODRIGUEZ DE MENDOZA;VISTA ALEGRE;2
10701;AMAZONAS;UTCUBAMBA;BAGUA GRANDE;11
10702;AMAZONAS;UTCUBAMBA;CAJARURO;22
10703;AMAZONAS;UTCUBAMBA;CUMBA;3
10704;AMAZONAS;UTCUBAMBA;EL MILAGRO;2
10705;AMAZONAS;UTCUBAMBA;JAMALCA;7
10706;AMAZONAS;UTCUBAMBA;LONYA GRANDE;6
10707;AMAZONAS;UTCUBAMBA;YAMON;0
20101;ANCASH;HUARAZ;HUARAZ;116
20102;ANCASH;HUARAZ;COCHABAMBA;10
20103;ANCASH;HUARAZ;COLCABAMBA;6
20104;ANCASH;HUARAZ;HUANCHAY;5
20105;ANCASH;HUARAZ;INDEPENDENCIA;110
20106;ANCASH;HUARAZ;JANGAS;5
20107;ANCASH;HUARAZ;LA LIBERTAD;0
20108;ANCASH;HUARAZ;OLLEROS;2
20109;ANCASH;HUARAZ;PAMPAS;9
20110;ANCASH;HUARAZ;PARIACOTO;12
20111;ANCASH;HUARAZ;PIRA;8
20112;ANCASH;HUARAZ;TARICA;7
20201;ANCASH;AIJA;AIJA;2
20202;ANCASH;AIJA;CORIS;5
20203;ANCASH;AIJA;HUACLLAN;6
20204;ANCASH;AIJA;LA MERCED;7
20205;ANCASH;AIJA;SUCCHA;6
20301;ANCASH;ANTONIO RAYMONDI;LLAMELLIN;5
20302;ANCASH;ANTONIO RAYMONDI;ACZO;4
20303;ANCASH;ANTONIO RAYMONDI;CHACCHO;5
20304;ANCASH;ANTONIO RAYMONDI;CHINGAS;4
20305;ANCASH;ANTONIO RAYMONDI;MIRGAS;2
20306;ANCASH;ANTONIO RAYMONDI;SAN JUAN DE RONTOY;2
20401;ANCASH;ASUNCION;CHACAS;14
20402;ANCASH;ASUNCION;ACOCHACA;10
20501;ANCASH;BOLOGNESI;CHIQUIAN;19
20502;ANCASH;BOLOGNESI;ABELARDO PARDO LEZAMETA;3
20503;ANCASH;BOLOGNESI;ANTONIO RAYMONDI;5
20504;ANCASH;BOLOGNESI;AQUIA;6
20505;ANCASH;BOLOGNESI;CAJACAY;9
20506;ANCASH;BOLOGNESI;CANIS;3
20507;ANCASH;BOLOGNESI;COLQUIOC;2
20508;ANCASH;BOLOGNESI;HUALLANCA;4
20509;ANCASH;BOLOGNESI;HUASTA;3
20510;ANCASH;BOLOGNESI;HUAYLLACAYAN;2
20511;ANCASH;BOLOGNESI;LA PRIMAVERA;3
20512;ANCASH;BOLOGNESI;MANGAS;5
20513;ANCASH;BOLOGNESI;PACLLON;3
20514;ANCASH;BOLOGNESI;SAN MIGUEL DE CORPANQUI;5
20515;ANCASH;BOLOGNESI;TICLLOS;2
20601;ANCASH;CARHUAZ;CARHUAZ;43
20602;ANCASH;CARHUAZ;ACOPAMPA;5
20603;ANCASH;CARHUAZ;AMASHCA;3
20604;ANCASH;CARHUAZ;ANTA;4
20605;ANCASH;CARHUAZ;ATAQUERO;4
20606;ANCASH;CARHUAZ;MARCARA;18
20607;ANCASH;CARHUAZ;PARIAHUANCA;4
20608;ANCASH;CARHUAZ;SAN MIGUEL DE ACO;4
20609;ANCASH;CARHUAZ;SHILLA;7
20610;ANCASH;CARHUAZ;TINCO;4
20611;ANCASH;CARHUAZ;YUNGAR;3
20701;ANCASH;CARLOS FERMIN FITZCARRALD;SAN LUIS;11
20702;ANCASH;CARLOS FERMIN FITZCARRALD;SAN NICOLAS;1
20703;ANCASH;CARLOS FERMIN FITZCARRALD;YAUYA;5
20801;ANCASH;CASMA;CASMA;32
20802;ANCASH;CASMA;BUENA VISTA ALTA;14
20803;ANCASH;CASMA;COMANDANTE NOEL;9
20804;ANCASH;CASMA;YAUTAN;10
20901;ANCASH;CORONGO;CORONGO;6
20902;ANCASH;CORONGO;ACO;2
20903;ANCASH;CORONGO;BAMBAS;3
20904;ANCASH;CORONGO;CUSCA;1
20905;ANCASH;CORONGO;LA PAMPA;11
20906;ANCASH;CORONGO;YANAC;10
20907;ANCASH;CORONGO;YUPAN;2
21001;ANCASH;HUARI;HUARI;18
21002;ANCASH;HUARI;ANRA;10
21003;ANCASH;HUARI;CAJAY;7
21004;ANCASH;HUARI;CHAVIN DE HUANTAR;2
21005;ANCASH;HUARI;HUACACHI;3
21006;ANCASH;HUARI;HUACCHIS;6
21007;ANCASH;HUARI;HUACHIS;7
21008;ANCASH;HUARI;HUANTAR;6
21009;ANCASH;HUARI;MASIN;7
21010;ANCASH;HUARI;PAUCAS;13
21011;ANCASH;HUARI;PONTO;11
21012;ANCASH;HUARI;RAHUAPAMPA;10
21013;ANCASH;HUARI;RAPAYAN;8
21014;ANCASH;HUARI;SAN MARCOS;17
21015;ANCASH;HUARI;SAN PEDRO DE CHANA;8
21016;ANCASH;HUARI;UCO;7
21101;ANCASH;HUARMEY;HUARMEY;11
21102;ANCASH;HUARMEY;COCHAPETI;0
21103;ANCASH;HUARMEY;CULEBRAS;0
21104;ANCASH;HUARMEY;HUAYAN;0
21105;ANCASH;HUARMEY;MALVAS;0
21201;ANCASH;HUAYLAS;CARAZ;59
21202;ANCASH;HUAYLAS;HUALLANCA;4
21203;ANCASH;HUAYLAS;HUATA;3
21204;ANCASH;HUAYLAS;HUAYLAS;1
21205;ANCASH;HUAYLAS;MATO;1
21206;ANCASH;HUAYLAS;PAMPAROMAS;17
21207;ANCASH;HUAYLAS;PUEBLO LIBRE;7
21208;ANCASH;HUAYLAS;SANTA CRUZ;4
21209;ANCASH;HUAYLAS;SANTO TORIBIO;3
21210;ANCASH;HUAYLAS;YURACMARCA;6
21301;ANCASH;MARISCAL LUZURIAGA;PISCOBAMBA;13
21302;ANCASH;MARISCAL LUZURIAGA;CASCA;10
21303;ANCASH;MARISCAL LUZURIAGA;ELEAZAR GUZMAN BARRON;5
21304;ANCASH;MARISCAL LUZURIAGA;FIDEL OLIVAS ESCUDERO;4
21305;ANCASH;MARISCAL LUZURIAGA;LLAMA;4
21306;ANCASH;MARISCAL LUZURIAGA;LLUMPA;2
21307;ANCASH;MARISCAL LUZURIAGA;LUCMA;1
21308;ANCASH;MARISCAL LUZURIAGA;MUSGA;1
21401;ANCASH;OCROS;OCROS;7
21402;ANCASH;OCROS;ACAS;2
21403;ANCASH;OCROS;CAJAMARQUILLA;2
21404;ANCASH;OCROS;CARHUAPAMPA;0
21405;ANCASH;OCROS;COCHAS;3
21406;ANCASH;OCROS;CONGAS;1
21407;ANCASH;OCROS;LLIPA;2
21408;ANCASH;OCROS;SAN CRISTOBAL DE RAJAN;2
21409;ANCASH;OCROS;SAN PEDRO;2
21410;ANCASH;OCROS;SANTIAGO DE CHILCAS;2
21501;ANCASH;PALLASCA;CABANA;18
21502;ANCASH;PALLASCA;BOLOGNESI;5
21503;ANCASH;PALLASCA;CONCHUCOS;3
21504;ANCASH;PALLASCA;HUACASCHUQUE;2
21505;ANCASH;PALLASCA;HUANDOVAL;0
21506;ANCASH;PALLASCA;LACABAMBA;2
21507;ANCASH;PALLASCA;LLAPO;0
21508;ANCASH;PALLASCA;PALLASCA;5
21509;ANCASH;PALLASCA;PAMPAS;14
21510;ANCASH;PALLASCA;SANTA ROSA;5
21511;ANCASH;PALLASCA;TAUCA;0
21601;ANCASH;POMABAMBA;POMABAMBA;67
21602;ANCASH;POMABAMBA;HUAYLLAN;4
21603;ANCASH;POMABAMBA;PAROBAMBA;4
21604;ANCASH;POMABAMBA;QUINUABAMBA;7
21701;ANCASH;RECUAY;RECUAY;8
21702;ANCASH;RECUAY;CATAC;3
21703;ANCASH;RECUAY;COTAPARACO;5
21704;ANCASH;RECUAY;HUAYLLAPAMPA;9
21705;ANCASH;RECUAY;LLACLLIN;6
21706;ANCASH;RECUAY;MARCA;7
21707;ANCASH;RECUAY;PAMPAS CHICO;4
21708;ANCASH;RECUAY;PARARIN;5
21709;ANCASH;RECUAY;TAPACOCHA;3
21710;ANCASH;RECUAY;TICAPAMPA;3
21801;ANCASH;SANTA;CHIMBOTE;49
21802;ANCASH;SANTA;CACERES DEL PERU;8
21803;ANCASH;SANTA;COISHCO;17
21804;ANCASH;SANTA;MACATE;0
21805;ANCASH;SANTA;MORO;20
21806;ANCASH;SANTA;NEPEÑA;33
21807;ANCASH;SANTA;SAMANCO;15
21808;ANCASH;SANTA;SANTA;28
21809;ANCASH;SANTA;NUEVO CHIMBOTE;49
21901;ANCASH;SIHUAS;SIHUAS;13
21902;ANCASH;SIHUAS;ACOBAMBA;2
21903;ANCASH;SIHUAS;ALFONSO UGARTE;0
21904;ANCASH;SIHUAS;CASHAPAMPA;1
21905;ANCASH;SIHUAS;CHINGALPO;5
21906;ANCASH;SIHUAS;HUAYLLABAMBA;5
21907;ANCASH;SIHUAS;QUICHES;4
21908;ANCASH;SIHUAS;RAGASH;2
21909;ANCASH;SIHUAS;SAN JUAN;2
21910;ANCASH;SIHUAS;SICSIBAMBA;4
22001;ANCASH;YUNGAY;YUNGAY;11
22002;ANCASH;YUNGAY;CASCAPARA;6
22003;ANCASH;YUNGAY;MANCOS;9
22004;ANCASH;YUNGAY;MATACOTO;0
22005;ANCASH;YUNGAY;QUILLO;45
22006;ANCASH;YUNGAY;RANRAHIRCA;3
22007;ANCASH;YUNGAY;SHUPLUY;10
22008;ANCASH;YUNGAY;YANAMA;2
30101;APURIMAC;ABANCAY;ABANCAY;90
30102;APURIMAC;ABANCAY;CHACOCHE;9
30103;APURIMAC;ABANCAY;CIRCA;3
30104;APURIMAC;ABANCAY;CURAHUASI;35
30105;APURIMAC;ABANCAY;HUANIPACA;7
30106;APURIMAC;ABANCAY;LAMBRAMA;18
30107;APURIMAC;ABANCAY;PICHIRHUA;6
30108;APURIMAC;ABANCAY;SAN PEDRO DE CACHORA;5
30109;APURIMAC;ABANCAY;TAMBURCO;26
30201;APURIMAC;ANDAHUAYLAS;ANDAHUAYLAS;62
30202;APURIMAC;ANDAHUAYLAS;ANDARAPA;4
30203;APURIMAC;ANDAHUAYLAS;CHIARA;3
30204;APURIMAC;ANDAHUAYLAS;HUANCARAMA;4
30205;APURIMAC;ANDAHUAYLAS;HUANCARAY;6
30206;APURIMAC;ANDAHUAYLAS;HUAYANA;0
30207;APURIMAC;ANDAHUAYLAS;KISHUARA;1
30208;APURIMAC;ANDAHUAYLAS;PACOBAMBA;2
30209;APURIMAC;ANDAHUAYLAS;PACUCHA;14
30210;APURIMAC;ANDAHUAYLAS;PAMPACHIRI;3
30211;APURIMAC;ANDAHUAYLAS;POMACOCHA;4
30212;APURIMAC;ANDAHUAYLAS;SAN ANTONIO DE CACHI;1
30213;APURIMAC;ANDAHUAYLAS;SAN JERONIMO;24
30214;APURIMAC;ANDAHUAYLAS;SAN MIGUEL DE CHACCRAMPA;1
30215;APURIMAC;ANDAHUAYLAS;SANTA MARIA DE CHICMO;0
30216;APURIMAC;ANDAHUAYLAS;TALAVERA;9
30217;APURIMAC;ANDAHUAYLAS;TUMAY HUARACA;2
30218;APURIMAC;ANDAHUAYLAS;TURPO;4
30219;APURIMAC;ANDAHUAYLAS;KAQUIABAMBA;4
30220;APURIMAC;ANDAHUAYLAS;JOSE MARIA ARGUEDAS;13
30301;APURIMAC;ANTABAMBA;ANTABAMBA;4
30302;APURIMAC;ANTABAMBA;EL ORO;0
30303;APURIMAC;ANTABAMBA;HUAQUIRCA;6
30304;APURIMAC;ANTABAMBA;JUAN ESPINOZA MEDRANO;5
30305;APURIMAC;ANTABAMBA;OROPESA;12
30306;APURIMAC;ANTABAMBA;PACHACONAS;1
30307;APURIMAC;ANTABAMBA;SABAINO;3
30401;APURIMAC;AYMARAES;CHALHUANCA;6
30402;APURIMAC;AYMARAES;CAPAYA;0
30403;APURIMAC;AYMARAES;CARAYBAMBA;5
30404;APURIMAC;AYMARAES;CHAPIMARCA;4
30405;APURIMAC;AYMARAES;COLCABAMBA;6
30406;APURIMAC;AYMARAES;COTARUSE;1
30407;APURIMAC;AYMARAES;HUAYLLO;3
30408;APURIMAC;AYMARAES;JUSTO APU SAHUARAURA;4
30409;APURIMAC;AYMARAES;LUCRE;5
30410;APURIMAC;AYMARAES;POCOHUANCA;0
30411;APURIMAC;AYMARAES;SAN JUAN DE CHACÑA;8
30412;APURIMAC;AYMARAES;SAÑAYCA;4
30413;APURIMAC;AYMARAES;SORAYA;2
30414;APURIMAC;AYMARAES;TAPAIRIHUA;7
30415;APURIMAC;AYMARAES;TINTAY;6
30416;APURIMAC;AYMARAES;TORAYA;2
30417;APURIMAC;AYMARAES;YANACA;3
30501;APURIMAC;COTABAMBAS;TAMBOBAMBA;59
30502;APURIMAC;COTABAMBAS;COTABAMBAS;9
30503;APURIMAC;COTABAMBAS;COYLLURQUI;13
30504;APURIMAC;COTABAMBAS;HAQUIRA;8
30505;APURIMAC;COTABAMBAS;MARA;0
30506;APURIMAC;COTABAMBAS;CHALLHUAHUACHO;9
30601;APURIMAC;CHINCHEROS;CHINCHEROS;24
30602;APURIMAC;CHINCHEROS;ANCO-HUALLO;7
30603;APURIMAC;CHINCHEROS;COCHARCAS;2
30604;APURIMAC;CHINCHEROS;HUACCANA;0
30605;APURIMAC;CHINCHEROS;OCOBAMBA;2
30606;APURIMAC;CHINCHEROS;ONGOY;8
30607;APURIMAC;CHINCHEROS;URANMARCA;5
30608;APURIMAC;CHINCHEROS;RANRACANCHA;5
30701;APURIMAC;GRAU;CHUQUIBAMBILLA;9
30702;APURIMAC;GRAU;CURPAHUASI;1
30703;APURIMAC;GRAU;GAMARRA;2
30704;APURIMAC;GRAU;HUAYLLATI;4
30705;APURIMAC;GRAU;MAMARA;2
30706;APURIMAC;GRAU;MICAELA BASTIDAS;5
30707;APURIMAC;GRAU;PATAYPAMPA;2
30708;APURIMAC;GRAU;PROGRESO;2
30709;APURIMAC;GRAU;SAN ANTONIO;4
30710;APURIMAC;GRAU;SANTA ROSA;3
30711;APURIMAC;GRAU;TURPAY;1
30712;APURIMAC;GRAU;VILCABAMBA;7
30713;APURIMAC;GRAU;VIRUNDO;0
30714;APURIMAC;GRAU;CURASCO;4
40101;AREQUIPA;AREQUIPA;AREQUIPA;166
40102;AREQUIPA;AREQUIPA;ALTO SELVA ALEGRE;40
40103;AREQUIPA;AREQUIPA;CAYMA;95
40104;AREQUIPA;AREQUIPA;CERRO COLORADO;52
40105;AREQUIPA;AREQUIPA;CHARACATO;6
40106;AREQUIPA;AREQUIPA;CHIGUATA;6
40107;AREQUIPA;AREQUIPA;JACOBO HUNTER;71
40108;AREQUIPA;AREQUIPA;LA JOYA;31
40109;AREQUIPA;AREQUIPA;MARIANO MELGAR;26
40110;AREQUIPA;AREQUIPA;MIRAFLORES;13
40111;AREQUIPA;AREQUIPA;MOLLEBAYA;22
40112;AREQUIPA;AREQUIPA;PAUCARPATA;153
40113;AREQUIPA;AREQUIPA;POCSI;1
40114;AREQUIPA;AREQUIPA;POLOBAYA;6
40115;AREQUIPA;AREQUIPA;QUEQUEÑA;5
40116;AREQUIPA;AREQUIPA;SABANDIA;2
40117;AREQUIPA;AREQUIPA;SACHACA;13
40118;AREQUIPA;AREQUIPA;SAN JUAN DE SIGUAS;0
40119;AREQUIPA;AREQUIPA;SAN JUAN DE TARUCANI;2
40120;AREQUIPA;AREQUIPA;SANTA ISABEL DE SIGUAS;8
40121;AREQUIPA;AREQUIPA;SANTA RITA DE SIGUAS;5
40122;AREQUIPA;AREQUIPA;SOCABAYA;25
40123;AREQUIPA;AREQUIPA;TIABAYA;30
40124;AREQUIPA;AREQUIPA;UCHUMAYO;46
40125;AREQUIPA;AREQUIPA;VITOR;3
40126;AREQUIPA;AREQUIPA;YANAHUARA;45
40127;AREQUIPA;AREQUIPA;YARABAMBA;12
40128;AREQUIPA;AREQUIPA;YURA;32
40129;AREQUIPA;AREQUIPA;JOSE LUIS BUSTAMANTE Y RIVERO;69
40201;AREQUIPA;CAMANA;CAMANA;11
40202;AREQUIPA;CAMANA;JOSE MARIA QUIMPER;2
40203;AREQUIPA;CAMANA;MARIANO NICOLAS VALCARCEL;12
40204;AREQUIPA;CAMANA;MARISCAL CACERES;3
40205;AREQUIPA;CAMANA;NICOLAS DE PIEROLA;8
40206;AREQUIPA;CAMANA;OCOÑA;0
40207;AREQUIPA;CAMANA;QUILCA;4
40208;AREQUIPA;CAMANA;SAMUEL PASTOR;3
40301;AREQUIPA;CARAVELI;CARAVELI;2
40302;AREQUIPA;CARAVELI;ACARI;3
40303;AREQUIPA;CARAVELI;ATICO;11
40304;AREQUIPA;CARAVELI;ATIQUIPA;0
40305;AREQUIPA;CARAVELI;BELLA UNION;8
40306;AREQUIPA;CARAVELI;CAHUACHO;4
40307;AREQUIPA;CARAVELI;CHALA;8
40308;AREQUIPA;CARAVELI;CHAPARRA;10
40309;AREQUIPA;CARAVELI;HUANUHUANU;0
40310;AREQUIPA;CARAVELI;JAQUI;3
40311;AREQUIPA;CARAVELI;LOMAS;3
40312;AREQUIPA;CARAVELI;QUICACHA;12
40313;AREQUIPA;CARAVELI;YAUCA;0
40401;AREQUIPA;CASTILLA;APLAO;8
40402;AREQUIPA;CASTILLA;ANDAGUA;6
40403;AREQUIPA;CASTILLA;AYO;2
40404;AREQUIPA;CASTILLA;CHACHAS;3
40405;AREQUIPA;CASTILLA;CHILCAYMARCA;3
40406;AREQUIPA;CASTILLA;CHOCO;4
40407;AREQUIPA;CASTILLA;HUANCARQUI;0
40408;AREQUIPA;CASTILLA;MACHAGUAY;7
40409;AREQUIPA;CASTILLA;ORCOPAMPA;9
40410;AREQUIPA;CASTILLA;PAMPACOLCA;1
40411;AREQUIPA;CASTILLA;TIPAN;8
40412;AREQUIPA;CASTILLA;UÑON;6
40413;AREQUIPA;CASTILLA;URACA;10
40414;AREQUIPA;CASTILLA;VIRACO;0
40501;AREQUIPA;CAYLLOMA;CHIVAY;46
40502;AREQUIPA;CAYLLOMA;ACHOMA;6
40503;AREQUIPA;CAYLLOMA;CABANACONDE;3
40504;AREQUIPA;CAYLLOMA;CALLALLI;4
40505;AREQUIPA;CAYLLOMA;CAYLLOMA;8
40506;AREQUIPA;CAYLLOMA;COPORAQUE;2
40507;AREQUIPA;CAYLLOMA;HUAMBO;0
40508;AREQUIPA;CAYLLOMA;HUANCA;2
40509;AREQUIPA;CAYLLOMA;ICHUPAMPA;0
40510;AREQUIPA;CAYLLOMA;LARI;3
40511;AREQUIPA;CAYLLOMA;LLUTA;7
40512;AREQUIPA;CAYLLOMA;MACA;2
40513;AREQUIPA;CAYLLOMA;MADRIGAL;0
40514;AREQUIPA;CAYLLOMA;SAN ANTONIO DE CHUCA;7
40515;AREQUIPA;CAYLLOMA;SIBAYO;0
40516;AREQUIPA;CAYLLOMA;TAPAY;3
40517;AREQUIPA;CAYLLOMA;TISCO;6
40518;AREQUIPA;CAYLLOMA;TUTI;1
40519;AREQUIPA;CAYLLOMA;YANQUE;2
40520;AREQUIPA;CAYLLOMA;MAJES;40
40601;AREQUIPA;CONDESUYOS;CHUQUIBAMBA;11
40602;AREQUIPA;CONDESUYOS;ANDARAY;2
40603;AREQUIPA;CONDESUYOS;CAYARANI;8
40604;AREQUIPA;CONDESUYOS;CHICHAS;1
40605;AREQUIPA;CONDESUYOS;IRAY;0
40606;AREQUIPA;CONDESUYOS;RIO GRANDE;7
40607;AREQUIPA;CONDESUYOS;SALAMANCA;2
40608;AREQUIPA;CONDESUYOS;YANAQUIHUA;3
40701;AREQUIPA;ISLAY;MOLLENDO;66
40702;AREQUIPA;ISLAY;COCACHACRA;18
40703;AREQUIPA;ISLAY;DEAN VALDIVIA;13
40704;AREQUIPA;ISLAY;ISLAY;9
40705;AREQUIPA;ISLAY;MEJIA;8
40706;AREQUIPA;ISLAY;PUNTA DE BOMBON;9
40801;AREQUIPA;LA UNION;COTAHUASI;6
40802;AREQUIPA;LA UNION;ALCA;1
40803;AREQUIPA;LA UNION;CHARCANA;2
40804;AREQUIPA;LA UNION;HUAYNACOTAS;2
40805;AREQUIPA;LA UNION;PAMPAMARCA;0
40806;AREQUIPA;LA UNION;PUYCA;2
40807;AREQUIPA;LA UNION;QUECHUALLA;1
40808;AREQUIPA;LA UNION;SAYLA;4
40809;AREQUIPA;LA UNION;TAURIA;0
40810;AREQUIPA;LA UNION;TOMEPAMPA;0
40811;AREQUIPA;LA UNION;TORO;3
50101;AYACUCHO;HUAMANGA;AYACUCHO;280
50102;AYACUCHO;HUAMANGA;ACOCRO;14
50103;AYACUCHO;HUAMANGA;ACOS VINCHOS;8
50104;AYACUCHO;HUAMANGA;CARMEN ALTO;19
50105;AYACUCHO;HUAMANGA;CHIARA;13
50106;AYACUCHO;HUAMANGA;OCROS;6
50107;AYACUCHO;HUAMANGA;PACAYCASA;5
50108;AYACUCHO;HUAMANGA;QUINUA;12
50109;AYACUCHO;HUAMANGA;SAN JOSE DE TICLLAS;9
50110;AYACUCHO;HUAMANGA;SAN JUAN BAUTISTA;33
50111;AYACUCHO;HUAMANGA;SANTIAGO DE PISCHA;2
50112;AYACUCHO;HUAMANGA;SOCOS;16
50113;AYACUCHO;HUAMANGA;TAMBILLO;10
50114;AYACUCHO;HUAMANGA;VINCHOS;14
50115;AYACUCHO;HUAMANGA;JESUS NAZARENO;45
50116;AYACUCHO;HUAMANGA;ANDRÉS AVELINO CÁCERES DORREGARAY;9
50201;AYACUCHO;CANGALLO;CANGALLO;13
50202;AYACUCHO;CANGALLO;CHUSCHI;7
50203;AYACUCHO;CANGALLO;LOS MOROCHUCOS;25
50204;AYACUCHO;CANGALLO;MARIA PARADO DE BELLIDO;1
50205;AYACUCHO;CANGALLO;PARAS;4
50206;AYACUCHO;CANGALLO;TOTOS;6
50301;AYACUCHO;HUANCA SANCOS;SANCOS;10
50302;AYACUCHO;HUANCA SANCOS;CARAPO;5
50303;AYACUCHO;HUANCA SANCOS;SACSAMARCA;2
50304;AYACUCHO;HUANCA SANCOS;SANTIAGO DE LUCANAMARCA;4
50401;AYACUCHO;HUANTA;HUANTA;56
50402;AYACUCHO;HUANTA;AYAHUANCO;6
50403;AYACUCHO;HUANTA;HUAMANGUILLA;6
50404;AYACUCHO;HUANTA;IGUAIN;3
50405;AYACUCHO;HUANTA;LURICOCHA;45
50406;AYACUCHO;HUANTA;SANTILLANA;7
50407;AYACUCHO;HUANTA;SIVIA;14
50408;AYACUCHO;HUANTA;LLOCHEGUA;5
50409;AYACUCHO;HUANTA;CANAYRE;4
50410;AYACUCHO;HUANTA;UCHURACCAY;9
50501;AYACUCHO;LA MAR;SAN MIGUEL;43
50502;AYACUCHO;LA MAR;ANCO;18
50503;AYACUCHO;LA MAR;AYNA;11
50504;AYACUCHO;LA MAR;CHILCAS;5
50505;AYACUCHO;LA MAR;CHUNGUI;2
50506;AYACUCHO;LA MAR;LUIS CARRANZA;4
50507;AYACUCHO;LA MAR;SANTA ROSA;17
50508;AYACUCHO;LA MAR;TAMBO;6
50509;AYACUCHO;LA MAR;SAMUGARI;4
50510;AYACUCHO;LA MAR;ANCHIHUAY;3
50601;AYACUCHO;LUCANAS;PUQUIO;20
50602;AYACUCHO;LUCANAS;AUCARA;3
50603;AYACUCHO;LUCANAS;CABANA;0
50604;AYACUCHO;LUCANAS;CARMEN SALCEDO;8
50605;AYACUCHO;LUCANAS;CHAVIÑA;2
50606;AYACUCHO;LUCANAS;CHIPAO;0
50607;AYACUCHO;LUCANAS;HUAC-HUAS;5
50608;AYACUCHO;LUCANAS;LARAMATE;6
50609;AYACUCHO;LUCANAS;LEONCIO PRADO;0
50610;AYACUCHO;LUCANAS;LLAUTA;5
50611;AYACUCHO;LUCANAS;LUCANAS;1
50612;AYACUCHO;LUCANAS;OCAÑA;6
50613;AYACUCHO;LUCANAS;OTOCA;4
50614;AYACUCHO;LUCANAS;SAISA;5
50615;AYACUCHO;LUCANAS;SAN CRISTOBAL;0
50616;AYACUCHO;LUCANAS;SAN JUAN;0
50617;AYACUCHO;LUCANAS;SAN PEDRO;4
50618;AYACUCHO;LUCANAS;SAN PEDRO DE PALCO;3
50619;AYACUCHO;LUCANAS;SANCOS;0
50620;AYACUCHO;LUCANAS;SANTA ANA DE HUAYCAHUACHO;0
50621;AYACUCHO;LUCANAS;SANTA LUCIA;0
50701;AYACUCHO;PARINACOCHAS;CORACORA;17
50702;AYACUCHO;PARINACOCHAS;CHUMPI;2
50703;AYACUCHO;PARINACOCHAS;CORONEL CASTAÑEDA;2
50704;AYACUCHO;PARINACOCHAS;PACAPAUSA;2
50705;AYACUCHO;PARINACOCHAS;PULLO;1
50706;AYACUCHO;PARINACOCHAS;PUYUSCA;1
50707;AYACUCHO;PARINACOCHAS;SAN FRANCISCO DE RAVACAYCO;0
50708;AYACUCHO;PARINACOCHAS;UPAHUACHO;3
50801;AYACUCHO;PAUCAR DEL SARA SARA;PAUSA;1
50802;AYACUCHO;PAUCAR DEL SARA SARA;COLTA;0
50803;AYACUCHO;PAUCAR DEL SARA SARA;CORCULLA;0
50804;AYACUCHO;PAUCAR DEL SARA SARA;LAMPA;2
50805;AYACUCHO;PAUCAR DEL SARA SARA;MARCABAMBA;0
50806;AYACUCHO;PAUCAR DEL SARA SARA;OYOLO;2
50807;AYACUCHO;PAUCAR DEL SARA SARA;PARARCA;3
50808;AYACUCHO;PAUCAR DEL SARA SARA;SAN JAVIER DE ALPABAMBA;0
50809;AYACUCHO;PAUCAR DEL SARA SARA;SAN JOSE DE USHUA;1
50810;AYACUCHO;PAUCAR DEL SARA SARA;SARA SARA;0
50901;AYACUCHO;SUCRE;QUEROBAMBA;8
50902;AYACUCHO;SUCRE;BELEN;4
50903;AYACUCHO;SUCRE;CHALCOS;0
50904;AYACUCHO;SUCRE;CHILCAYOC;8
50905;AYACUCHO;SUCRE;HUACAÑA;2
50906;AYACUCHO;SUCRE;MORCOLLA;5
50907;AYACUCHO;SUCRE;PAICO;1
50908;AYACUCHO;SUCRE;SAN PEDRO DE LARCAY;1
50909;AYACUCHO;SUCRE;SAN SALVADOR DE QUIJE;0
50910;AYACUCHO;SUCRE;SANTIAGO DE PAUCARAY;1
50911;AYACUCHO;SUCRE;SORAS;0
51001;AYACUCHO;VICTOR FAJARDO;HUANCAPI;12
51002;AYACUCHO;VICTOR FAJARDO;ALCAMENCA;1
51003;AYACUCHO;VICTOR FAJARDO;APONGO;2
51004;AYACUCHO;VICTOR FAJARDO;ASQUIPATA;3
51005;AYACUCHO;VICTOR FAJARDO;CANARIA;5
51006;AYACUCHO;VICTOR FAJARDO;CAYARA;7
51007;AYACUCHO;VICTOR FAJARDO;COLCA;9
51008;AYACUCHO;VICTOR FAJARDO;HUAMANQUIQUIA;0
51009;AYACUCHO;VICTOR FAJARDO;HUANCARAYLLA;3
51010;AYACUCHO;VICTOR FAJARDO;HUAYA;0
51011;AYACUCHO;VICTOR FAJARDO;SARHUA;2
51012;AYACUCHO;VICTOR FAJARDO;VILCANCHOS;0
51101;AYACUCHO;VILCAS HUAMAN;VILCAS HUAMAN;7
51102;AYACUCHO;VILCAS HUAMAN;ACCOMARCA;4
51103;AYACUCHO;VILCAS HUAMAN;CARHUANCA;5
51104;AYACUCHO;VILCAS HUAMAN;CONCEPCION;5
51105;AYACUCHO;VILCAS HUAMAN;HUAMBALPA;0
51106;AYACUCHO;VILCAS HUAMAN;INDEPENDENCIA;3
51107;AYACUCHO;VILCAS HUAMAN;SAURAMA;0
51108;AYACUCHO;VILCAS HUAMAN;VISCHONGO;2
60101;CAJAMARCA;CAJAMARCA;CAJAMARCA;249
60102;CAJAMARCA;CAJAMARCA;ASUNCION;15
60103;CAJAMARCA;CAJAMARCA;CHETILLA;4
60104;CAJAMARCA;CAJAMARCA;COSPAN;12
60105;CAJAMARCA;CAJAMARCA;ENCAÑADA;47
60106;CAJAMARCA;CAJAMARCA;JESUS;25
60107;CAJAMARCA;CAJAMARCA;LLACANORA;5
60108;CAJAMARCA;CAJAMARCA;LOS BAÑOS DEL INCA;82
60109;CAJAMARCA;CAJAMARCA;MAGDALENA;16
60110;CAJAMARCA;CAJAMARCA;MATARA;6
60111;CAJAMARCA;CAJAMARCA;NAMORA;25
60112;CAJAMARCA;CAJAMARCA;SAN JUAN;13
60201;CAJAMARCA;CAJABAMBA;CAJABAMBA;56
60202;CAJAMARCA;CAJABAMBA;CACHACHI;9
60203;CAJAMARCA;CAJABAMBA;CONDEBAMBA;8
60204;CAJAMARCA;CAJABAMBA;SITACOCHA;29
60301;CAJAMARCA;CELENDIN;CELENDIN;47
60302;CAJAMARCA;CELENDIN;CHUMUCH;1
60303;CAJAMARCA;CELENDIN;CORTEGANA;7
60304;CAJAMARCA;CELENDIN;HUASMIN;21
60305;CAJAMARCA;CELENDIN;JORGE CHAVEZ;3
60306;CAJAMARCA;CELENDIN;JOSE GALVEZ;9
60307;CAJAMARCA;CELENDIN;MIGUEL IGLESIAS;17
60308;CAJAMARCA;CELENDIN;OXAMARCA;5
60309;CAJAMARCA;CELENDIN;SOROCHUCO;10
60310;CAJAMARCA;CELENDIN;SUCRE;18
60311;CAJAMARCA;CELENDIN;UTCO;5
60312;CAJAMARCA;CELENDIN;LA LIBERTAD DE PALLAN;18
60401;CAJAMARCA;CHOTA;CHOTA;12
60402;CAJAMARCA;CHOTA;ANGUIA;0
60403;CAJAMARCA;CHOTA;CHADIN;7
60404;CAJAMARCA;CHOTA;CHIGUIRIP;5
60405;CAJAMARCA;CHOTA;CHIMBAN;4
60406;CAJAMARCA;CHOTA;CHOROPAMPA;5
60407;CAJAMARCA;CHOTA;COCHABAMBA;3
60408;CAJAMARCA;CHOTA;CONCHAN;10
60409;CAJAMARCA;CHOTA;HUAMBOS;14
60410;CAJAMARCA;CHOTA;LAJAS;3
60411;CAJAMARCA;CHOTA;LLAMA;6
60412;CAJAMARCA;CHOTA;MIRACOSTA;3
60413;CAJAMARCA;CHOTA;PACCHA;4
60414;CAJAMARCA;CHOTA;PION;3
60415;CAJAMARCA;CHOTA;QUEROCOTO;13
60416;CAJAMARCA;CHOTA;SAN JUAN DE LICUPIS;4
60417;CAJAMARCA;CHOTA;TACABAMBA;12
60418;CAJAMARCA;CHOTA;TOCMOCHE;1
60419;CAJAMARCA;CHOTA;CHALAMARCA;8
60501;CAJAMARCA;CONTUMAZA;CONTUMAZA;12
60502;CAJAMARCA;CONTUMAZA;CHILETE;3
60503;CAJAMARCA;CONTUMAZA;CUPISNIQUE;4
60504;CAJAMARCA;CONTUMAZA;GUZMANGO;4
60505;CAJAMARCA;CONTUMAZA;SAN BENITO;9
60506;CAJAMARCA;CONTUMAZA;SANTA CRUZ DE TOLED;4
60507;CAJAMARCA;CONTUMAZA;TANTARICA;3
60508;CAJAMARCA;CONTUMAZA;YONAN;6
60601;CAJAMARCA;CUTERVO;CUTERVO;81
60602;CAJAMARCA;CUTERVO;CALLAYUC;9
60603;CAJAMARCA;CUTERVO;CHOROS;15
60604;CAJAMARCA;CUTERVO;CUJILLO;5
60605;CAJAMARCA;CUTERVO;LA RAMADA;6
60606;CAJAMARCA;CUTERVO;PIMPINGOS;7
60607;CAJAMARCA;CUTERVO;QUEROCOTILLO;36
60608;CAJAMARCA;CUTERVO;SAN ANDRES DE CUTERVO;10
60609;CAJAMARCA;CUTERVO;SAN JUAN DE CUTERVO;0
60610;CAJAMARCA;CUTERVO;SAN LUIS DE LUCMA;5
60611;CAJAMARCA;CUTERVO;SANTA CRUZ;3
60612;CAJAMARCA;CUTERVO;SANTO DOMINGO DE LA CAPILLA;12
60613;CAJAMARCA;CUTERVO;SANTO TOMAS;6
60614;CAJAMARCA;CUTERVO;SOCOTA;7
60615;CAJAMARCA;CUTERVO;TORIBIO CASANOVA;1
60701;CAJAMARCA;HUALGAYOC;BAMBAMARCA;69
60702;CAJAMARCA;HUALGAYOC;CHUGUR;9
60703;CAJAMARCA;HUALGAYOC;HUALGAYOC;11
60801;CAJAMARCA;JAEN;JAEN;113
60802;CAJAMARCA;JAEN;BELLAVISTA;14
60803;CAJAMARCA;JAEN;CHONTALI;6
60804;CAJAMARCA;JAEN;COLASAY;11
60805;CAJAMARCA;JAEN;HUABAL;0
60806;CAJAMARCA;JAEN;LAS PIRIAS;6
60807;CAJAMARCA;JAEN;POMAHUACA;15
60808;CAJAMARCA;JAEN;PUCARA;25
60809;CAJAMARCA;JAEN;SALLIQUE;7
60810;CAJAMARCA;JAEN;SAN FELIPE;4
60811;CAJAMARCA;JAEN;SAN JOSE DEL ALTO;17
60812;CAJAMARCA;JAEN;SANTA ROSA;13
60901;CAJAMARCA;SAN IGNACIO;SAN IGNACIO;56
60902;CAJAMARCA;SAN IGNACIO;CHIRINOS;13
60903;CAJAMARCA;SAN IGNACIO;HUARANGO;23
60904;CAJAMARCA;SAN IGNACIO;LA COIPA;18
60905;CAJAMARCA;SAN IGNACIO;NAMBALLE;48
60906;CAJAMARCA;SAN IGNACIO;SAN JOSE DE LOURDES;9
60907;CAJAMARCA;SAN IGNACIO;TABACONAS;3
61001;CAJAMARCA;SAN MARCOS;PEDRO GALVEZ;53
61002;CAJAMARCA;SAN MARCOS;CHANCAY;5
61003;CAJAMARCA;SAN MARCOS;EDUARDO VILLANUEVA;3
61004;CAJAMARCA;SAN MARCOS;GREGORIO PITA;2
61005;CAJAMARCA;SAN MARCOS;ICHOCAN;2
61006;CAJAMARCA;SAN MARCOS;JOSE MANUEL QUIROZ;0
61007;CAJAMARCA;SAN MARCOS;JOSE SABOGAL;12
61101;CAJAMARCA;SAN MIGUEL;SAN MIGUEL;66
61102;CAJAMARCA;SAN MIGUEL;BOLIVAR;8
61103;CAJAMARCA;SAN MIGUEL;CALQUIS;3
61104;CAJAMARCA;SAN MIGUEL;CATILLUC;4
61105;CAJAMARCA;SAN MIGUEL;EL PRADO;3
61106;CAJAMARCA;SAN MIGUEL;LA FLORIDA;3
61107;CAJAMARCA;SAN MIGUEL;LLAPA;0
61108;CAJAMARCA;SAN MIGUEL;NANCHOC;1
61109;CAJAMARCA;SAN MIGUEL;NIEPOS;10
61110;CAJAMARCA;SAN MIGUEL;SAN GREGORIO;3
61111;CAJAMARCA;SAN MIGUEL;SAN SILVESTRE DE COCHAN;12
61112;CAJAMARCA;SAN MIGUEL;TONGOD;12
61113;CAJAMARCA;SAN MIGUEL;UNION AGUA BLANCA;2
61201;CAJAMARCA;SAN PABLO;SAN PABLO;19
61202;CAJAMARCA;SAN PABLO;SAN BERNARDINO;5
61203;CAJAMARCA;SAN PABLO;SAN LUIS;2
61204;CAJAMARCA;SAN PABLO;TUMBADEN;11
61301;CAJAMARCA;SANTA CRUZ;SANTA CRUZ;6
61302;CAJAMARCA;SANTA CRUZ;ANDABAMBA;3
61303;CAJAMARCA;SANTA CRUZ;CATACHE;13
61304;CAJAMARCA;SANTA CRUZ;CHANCAYBAÑOS;5
61305;CAJAMARCA;SANTA CRUZ;LA ESPERANZA;1
61306;CAJAMARCA;SANTA CRUZ;NINABAMBA;3
61307;CAJAMARCA;SANTA CRUZ;PULAN;16
61308;CAJAMARCA;SANTA CRUZ;SAUCEPAMPA;3
61309;CAJAMARCA;SANTA CRUZ;SEXI;2
61310;CAJAMARCA;SANTA CRUZ;UTICYACU;8
61311;CAJAMARCA;SANTA CRUZ;YAUYUCAN;4
70101;CALLAO;CALLAO;CALLAO;23
70102;CALLAO;CALLAO;BELLAVISTA;4
70103;CALLAO;CALLAO;CARMEN DE LA LEGUA REYNOSO;5
70104;CALLAO;CALLAO;LA PERLA;40
70105;CALLAO;CALLAO;LA PUNTA;125
70106;CALLAO;CALLAO;VENTANILLA;98
70107;CALLAO;CALLAO;MI PERU;23
80101;CUSCO;CUSCO;CUSCO;315
80102;CUSCO;CUSCO;CCORCA;7
80103;CUSCO;CUSCO;POROY;24
80104;CUSCO;CUSCO;SAN JERONIMO;89
80105;CUSCO;CUSCO;SAN SEBASTIAN;54
80106;CUSCO;CUSCO;SANTIAGO;157
80107;CUSCO;CUSCO;SAYLLA;14
80108;CUSCO;CUSCO;WANCHAQ;99
80201;CUSCO;ACOMAYO;ACOMAYO;20
80202;CUSCO;ACOMAYO;ACOPIA;6
80203;CUSCO;ACOMAYO;ACOS;4
80204;CUSCO;ACOMAYO;MOSOC LLACTA;2
80205;CUSCO;ACOMAYO;POMACANCHI;34
80206;CUSCO;ACOMAYO;RONDOCAN;10
80207;CUSCO;ACOMAYO;SANGARARA;4
80301;CUSCO;ANTA;ANTA;85
80302;CUSCO;ANTA;ANCAHUASI;5
80303;CUSCO;ANTA;CACHIMAYO;17
80304;CUSCO;ANTA;CHINCHAYPUJIO;5
80305;CUSCO;ANTA;HUAROCONDO;16
80306;CUSCO;ANTA;LIMATAMBO;19
80307;CUSCO;ANTA;MOLLEPATA;3
80308;CUSCO;ANTA;PUCYURA;0
80309;CUSCO;ANTA;ZURITE;4
80401;CUSCO;CALCA;CALCA;52
80402;CUSCO;CALCA;COYA;14
80403;CUSCO;CALCA;LAMAY;11
80404;CUSCO;CALCA;LARES;22
80405;CUSCO;CALCA;PISAC;38
80406;CUSCO;CALCA;SAN SALVADOR;25
80407;CUSCO;CALCA;TARAY;12
80408;CUSCO;CALCA;YANATILE;17
80501;CUSCO;CANAS;YANAOCA;35
80502;CUSCO;CANAS;CHECCA;5
80503;CUSCO;CANAS;KUNTURKANKI;16
80504;CUSCO;CANAS;LANGUI;12
80505;CUSCO;CANAS;LAYO;15
80506;CUSCO;CANAS;PAMPAMARCA;8
80507;CUSCO;CANAS;QUEHUE;17
80508;CUSCO;CANAS;TUPAC AMARU;6
80601;CUSCO;CANCHIS;SICUANI;51
80602;CUSCO;CANCHIS;CHECACUPE;10
80603;CUSCO;CANCHIS;COMBAPATA;6
80604;CUSCO;CANCHIS;MARANGANI;21
80605;CUSCO;CANCHIS;PITUMARCA;21
80606;CUSCO;CANCHIS;SAN PABLO;24
80607;CUSCO;CANCHIS;SAN PEDRO;4
80608;CUSCO;CANCHIS;TINTA;63
80701;CUSCO;CHUMBIVILCAS;SANTO TOMAS;81
80702;CUSCO;CHUMBIVILCAS;CAPACMARCA;10
80703;CUSCO;CHUMBIVILCAS;CHAMACA;19
80704;CUSCO;CHUMBIVILCAS;COLQUEMARCA;19
80705;CUSCO;CHUMBIVILCAS;LIVITACA;30
80706;CUSCO;CHUMBIVILCAS;LLUSCO;11
80707;CUSCO;CHUMBIVILCAS;QUIÑOTA;5
80708;CUSCO;CHUMBIVILCAS;VELILLE;14
80801;CUSCO;ESPINAR;ESPINAR;183
80802;CUSCO;ESPINAR;CONDOROMA;8
80803;CUSCO;ESPINAR;COPORAQUE;55
80804;CUSCO;ESPINAR;OCORURO;13
80805;CUSCO;ESPINAR;PALLPATA;20
80806;CUSCO;ESPINAR;PICHIGUA;11
80807;CUSCO;ESPINAR;SUYCKUTAMBO;2
80808;CUSCO;ESPINAR;ALTO PICHIGUA;12
80901;CUSCO;LA CONVENCION;SANTA ANA;86
80902;CUSCO;LA CONVENCION;ECHARATE;49
80903;CUSCO;LA CONVENCION;HUAYOPATA;42
80904;CUSCO;LA CONVENCION;MARANURA;22
80905;CUSCO;LA CONVENCION;OCOBAMBA;119
80906;CUSCO;LA CONVENCION;QUELLOUNO;110
80907;CUSCO;LA CONVENCION;KIMBIRI;39
80908;CUSCO;LA CONVENCION;SANTA TERESA;31
80909;CUSCO;LA CONVENCION;VILCABAMBA;80
80910;CUSCO;LA CONVENCION;PICHARI;34
80911;CUSCO;LA CONVENCION;INKAWASI;26
80912;CUSCO;LA CONVENCION;VILLA VIRGEN;7
81001;CUSCO;PARURO;PARURO;21
81002;CUSCO;PARURO;ACCHA;15
81003;CUSCO;PARURO;CCAPI;5
81004;CUSCO;PARURO;COLCHA;6
81005;CUSCO;PARURO;HUANOQUITE;5
81006;CUSCO;PARURO;OMACHA;21
81007;CUSCO;PARURO;PACCARITAMBO;4
81008;CUSCO;PARURO;PILLPINTO;5
81009;CUSCO;PARURO;YAURISQUE;5
81101;CUSCO;PAUCARTAMBO;PAUCARTAMBO;46
81102;CUSCO;PAUCARTAMBO;CAICAY;6
81103;CUSCO;PAUCARTAMBO;CHALLABAMBA;25
81104;CUSCO;PAUCARTAMBO;COLQUEPATA;34
81105;CUSCO;PAUCARTAMBO;HUANCARANI;2
81106;CUSCO;PAUCARTAMBO;KOSÑIPATA;13
81201;CUSCO;QUISPICANCHI;URCOS;40
81202;CUSCO;QUISPICANCHI;ANDAHUAYLILLAS;16
81203;CUSCO;QUISPICANCHI;CAMANTI;6
81204;CUSCO;QUISPICANCHI;CCARHUAYO;5
81205;CUSCO;QUISPICANCHI;CCATCA;7
81206;CUSCO;QUISPICANCHI;CUSIPATA;7
81207;CUSCO;QUISPICANCHI;HUARO;8
81208;CUSCO;QUISPICANCHI;LUCRE;18
81209;CUSCO;QUISPICANCHI;MARCAPATA;5
81210;CUSCO;QUISPICANCHI;OCONGATE;22
81211;CUSCO;QUISPICANCHI;OROPESA;20
81212;CUSCO;QUISPICANCHI;QUIQUIJANA;36
81301;CUSCO;URUBAMBA;URUBAMBA;70
81302;CUSCO;URUBAMBA;CHINCHERO;50
81303;CUSCO;URUBAMBA;HUAYLLABAMBA;6
81304;CUSCO;URUBAMBA;MACHUPICCHU;36
81305;CUSCO;URUBAMBA;MARAS;59
81306;CUSCO;URUBAMBA;OLLANTAYTAMBO;46
81307;CUSCO;URUBAMBA;YUCAY;11
90101;HUANCAVELICA;HUANCAVELICA;HUANCAVELICA;97
90102;HUANCAVELICA;HUANCAVELICA;ACOBAMBILLA;5
90103;HUANCAVELICA;HUANCAVELICA;ACORIA;32
90104;HUANCAVELICA;HUANCAVELICA;CONAYCA;3
90105;HUANCAVELICA;HUANCAVELICA;CUENCA;2
90106;HUANCAVELICA;HUANCAVELICA;HUACHOCOLPA;8
90107;HUANCAVELICA;HUANCAVELICA;HUAYLLAHUARA;4
90108;HUANCAVELICA;HUANCAVELICA;IZCUCHACA;0
90109;HUANCAVELICA;HUANCAVELICA;LARIA;4
90110;HUANCAVELICA;HUANCAVELICA;MANTA;0
90111;HUANCAVELICA;HUANCAVELICA;MARISCAL CACERES;4
90112;HUANCAVELICA;HUANCAVELICA;MOYA;3
90113;HUANCAVELICA;HUANCAVELICA;NUEVO OCCORO;5
90114;HUANCAVELICA;HUANCAVELICA;PALCA;10
90115;HUANCAVELICA;HUANCAVELICA;PILCHACA;1
90116;HUANCAVELICA;HUANCAVELICA;VILCA;10
90117;HUANCAVELICA;HUANCAVELICA;YAULI;27
90118;HUANCAVELICA;HUANCAVELICA;ASCENSION;11
90119;HUANCAVELICA;HUANCAVELICA;HUANDO;12
90201;HUANCAVELICA;ACOBAMBA;ACOBAMBA;34
90202;HUANCAVELICA;ACOBAMBA;ANDABAMBA;4
90203;HUANCAVELICA;ACOBAMBA;ANTA;4
90204;HUANCAVELICA;ACOBAMBA;CAJA;6
90205;HUANCAVELICA;ACOBAMBA;MARCAS;2
90206;HUANCAVELICA;ACOBAMBA;PAUCARA;13
90207;HUANCAVELICA;ACOBAMBA;POMACOCHA;5
90208;HUANCAVELICA;ACOBAMBA;ROSARIO;19
90301;HUANCAVELICA;ANGARAES;LIRCAY;49
90302;HUANCAVELICA;ANGARAES;ANCHONGA;4
90303;HUANCAVELICA;ANGARAES;CALLANMARCA;5
90304;HUANCAVELICA;ANGARAES;CCOCHACCASA;3
90305;HUANCAVELICA;ANGARAES;CHINCHO;4
90306;HUANCAVELICA;ANGARAES;CONGALLA;4
90307;HUANCAVELICA;ANGARAES;HUANCA-HUANCA;6
90308;HUANCAVELICA;ANGARAES;HUAYLLAY GRANDE;2
90309;HUANCAVELICA;ANGARAES;JULCAMARCA;3
90310;HUANCAVELICA;ANGARAES;SAN ANTONIO DE ANTAPARCO;0
90311;HUANCAVELICA;ANGARAES;SANTO TOMAS DE PATA;0
90312;HUANCAVELICA;ANGARAES;SECCLLA;7
90401;HUANCAVELICA;CASTROVIRREYNA;CASTROVIRREYNA;12
90402;HUANCAVELICA;CASTROVIRREYNA;ARMA;3
90403;HUANCAVELICA;CASTROVIRREYNA;AURAHUA;3
90404;HUANCAVELICA;CASTROVIRREYNA;CAPILLAS;4
90405;HUANCAVELICA;CASTROVIRREYNA;CHUPAMARCA;2
90406;HUANCAVELICA;CASTROVIRREYNA;COCAS;3
90407;HUANCAVELICA;CASTROVIRREYNA;HUACHOS;3
90408;HUANCAVELICA;CASTROVIRREYNA;HUAMATAMBO;4
90409;HUANCAVELICA;CASTROVIRREYNA;MOLLEPAMPA;2
90410;HUANCAVELICA;CASTROVIRREYNA;SAN JUAN;8
90411;HUANCAVELICA;CASTROVIRREYNA;SANTA ANA;18
90412;HUANCAVELICA;CASTROVIRREYNA;TANTARA;0
90413;HUANCAVELICA;CASTROVIRREYNA;TICRAPO;3
90501;HUANCAVELICA;CHURCAMPA;CHURCAMPA;15
90502;HUANCAVELICA;CHURCAMPA;ANCO;8
90503;HUANCAVELICA;CHURCAMPA;CHINCHIHUASI;4
90504;HUANCAVELICA;CHURCAMPA;EL CARMEN;0
90505;HUANCAVELICA;CHURCAMPA;LA MERCED;1
90506;HUANCAVELICA;CHURCAMPA;LOCROJA;4
90507;HUANCAVELICA;CHURCAMPA;PAUCARBAMBA;11
90508;HUANCAVELICA;CHURCAMPA;SAN MIGUEL DE MAYOCC;2
90509;HUANCAVELICA;CHURCAMPA;SAN PEDRO DE CORIS;3
90510;HUANCAVELICA;CHURCAMPA;PACHAMARCA;6
90511;HUANCAVELICA;CHURCAMPA;COSME;9
90601;HUANCAVELICA;HUAYTARA;HUAYTARA;20
90602;HUANCAVELICA;HUAYTARA;AYAVI;4
90603;HUANCAVELICA;HUAYTARA;CORDOVA;7
90604;HUANCAVELICA;HUAYTARA;HUAYACUNDO ARMA;5
90605;HUANCAVELICA;HUAYTARA;LARAMARCA;5
90606;HUANCAVELICA;HUAYTARA;OCOYO;3
90607;HUANCAVELICA;HUAYTARA;PILPICHACA;8
90608;HUANCAVELICA;HUAYTARA;QUERCO;3
90609;HUANCAVELICA;HUAYTARA;QUITO-ARMA;3
90610;HUANCAVELICA;HUAYTARA;SAN ANTONIO DE CUSICANCHA;1
90611;HUANCAVELICA;HUAYTARA;SAN FRANCISCO DE SANGAYAICO;7
90612;HUANCAVELICA;HUAYTARA;SAN ISIDRO;5
90613;HUANCAVELICA;HUAYTARA;SANTIAGO DE CHOCORVOS;2
90614;HUANCAVELICA;HUAYTARA;SANTIAGO DE QUIRAHUARA;5
90615;HUANCAVELICA;HUAYTARA;SANTO DOMINGO DE CAPILLAS;3
90616;HUANCAVELICA;HUAYTARA;TAMBO;4
90701;HUANCAVELICA;TAYACAJA;PAMPAS;34
90702;HUANCAVELICA;TAYACAJA;ACOSTAMBO;7
90703;HUANCAVELICA;TAYACAJA;ACRAQUIA;9
90704;HUANCAVELICA;TAYACAJA;AHUAYCHA;5
90705;HUANCAVELICA;TAYACAJA;COLCABAMBA;9
90706;HUANCAVELICA;TAYACAJA;DANIEL HERNANDEZ;0
90707;HUANCAVELICA;TAYACAJA;HUACHOCOLPA;5
90709;HUANCAVELICA;TAYACAJA;HUARIBAMBA;6
90710;HUANCAVELICA;TAYACAJA;ÑAHUIMPUQUIO;6
90711;HUANCAVELICA;TAYACAJA;PAZOS;6
90713;HUANCAVELICA;TAYACAJA;QUISHUAR;6
90714;HUANCAVELICA;TAYACAJA;SALCABAMBA;15
90715;HUANCAVELICA;TAYACAJA;SALCAHUASI;6
90716;HUANCAVELICA;TAYACAJA;SAN MARCOS DE ROCCHAC;3
90717;HUANCAVELICA;TAYACAJA;SURCUBAMBA;5
90718;HUANCAVELICA;TAYACAJA;TINTAY PUNCU;14
90719;HUANCAVELICA;TAYACAJA;QUICHUAS;13
90720;HUANCAVELICA;TAYACAJA;ANDAYMARCA;0
100101;HUANUCO;HUANUCO;HUANUCO;8
100102;HUANUCO;HUANUCO;AMARILIS;8
100103;HUANUCO;HUANUCO;CHINCHAO;11
100104;HUANUCO;HUANUCO;CHURUBAMBA;14
100105;HUANUCO;HUANUCO;MARGOS;9
100106;HUANUCO;HUANUCO;QUISQUI;9
100107;HUANUCO;HUANUCO;SAN FRANCISCO DE CAYRAN;4
100108;HUANUCO;HUANUCO;SAN PEDRO DE CHAULAN;14
100109;HUANUCO;HUANUCO;SANTA MARIA DEL VALLE;24
100110;HUANUCO;HUANUCO;YARUMAYO;8
100111;HUANUCO;HUANUCO;PILLCO MARCA;14
100112;HUANUCO;HUANUCO;YACUS;10
100201;HUANUCO;AMBO;AMBO;23
100202;HUANUCO;AMBO;CAYNA;6
100203;HUANUCO;AMBO;COLPAS;4
100204;HUANUCO;AMBO;CONCHAMARCA;2
100205;HUANUCO;AMBO;HUACAR;10
100206;HUANUCO;AMBO;SAN FRANCISCO;7
100207;HUANUCO;AMBO;SAN RAFAEL;14
100208;HUANUCO;AMBO;TOMAY KICHWA;2
100301;HUANUCO;DOS DE MAYO;LA UNION;11
100307;HUANUCO;DOS DE MAYO;CHUQUIS;0
100311;HUANUCO;DOS DE MAYO;MARIAS;16
100313;HUANUCO;DOS DE MAYO;PACHAS;9
100316;HUANUCO;DOS DE MAYO;QUIVILLA;3
100317;HUANUCO;DOS DE MAYO;RIPAN;15
100321;HUANUCO;DOS DE MAYO;SHUNQUI;0
100322;HUANUCO;DOS DE MAYO;SILLAPATA;0
100323;HUANUCO;DOS DE MAYO;YANAS;6
100401;HUANUCO;HUACAYBAMBA;HUACAYBAMBA;2
100402;HUANUCO;HUACAYBAMBA;CANCHABAMBA;6
100403;HUANUCO;HUACAYBAMBA;COCHABAMBA;1
100404;HUANUCO;HUACAYBAMBA;PINRA;1
100501;HUANUCO;HUAMALIES;LLATA;41
100502;HUANUCO;HUAMALIES;ARANCAY;3
100503;HUANUCO;HUAMALIES;CHAVIN DE PARIARCA;8
100504;HUANUCO;HUAMALIES;JACAS GRANDE;18
100505;HUANUCO;HUAMALIES;JIRCAN;5
100506;HUANUCO;HUAMALIES;MIRAFLORES;0
100507;HUANUCO;HUAMALIES;MONZON;18
100508;HUANUCO;HUAMALIES;PUNCHAO;3
100509;HUANUCO;HUAMALIES;PUÑOS;7
100510;HUANUCO;HUAMALIES;SINGA;9
100511;HUANUCO;HUAMALIES;TANTAMAYO;5
100601;HUANUCO;LEONCIO PRADO;RUPA-RUPA;65
100602;HUANUCO;LEONCIO PRADO;DANIEL ALOMIA ROBLES;5
100603;HUANUCO;LEONCIO PRADO;HERMILIO VALDIZAN;11
100604;HUANUCO;LEONCIO PRADO;JOSE CRESPO Y CASTILLO;31
100605;HUANUCO;LEONCIO PRADO;LUYANDO;14
100606;HUANUCO;LEONCIO PRADO;MARIANO DAMASO BERAUN;9
100701;HUANUCO;MARAÑON;HUACRACHUCO;19
100702;HUANUCO;MARAÑON;CHOLON;0
100703;HUANUCO;MARAÑON;SAN BUENAVENTURA;5
100801;HUANUCO;PACHITEA;PANAO;26
100802;HUANUCO;PACHITEA;CHAGLLA;10
100803;HUANUCO;PACHITEA;MOLINO;12
100804;HUANUCO;PACHITEA;UMARI;0
100901;HUANUCO;PUERTO INCA;PUERTO INCA;13
100902;HUANUCO;PUERTO INCA;CODO DEL POZUZO;5
100903;HUANUCO;PUERTO INCA;HONORIA;0
100904;HUANUCO;PUERTO INCA;TOURNAVISTA;7
100905;HUANUCO;PUERTO INCA;YUYAPICHIS;0
101001;HUANUCO;LAURICOCHA;JESUS;5
101002;HUANUCO;LAURICOCHA;BAÑOS;10
101003;HUANUCO;LAURICOCHA;JIVIA;0
101004;HUANUCO;LAURICOCHA;QUEROPALCA;3
101005;HUANUCO;LAURICOCHA;RONDOS;18
101006;HUANUCO;LAURICOCHA;SAN FRANCISCO DE ASIS;4
101007;HUANUCO;LAURICOCHA;SAN MIGUEL DE CAURI;5
101101;HUANUCO;YAROWILCA;CHAVINILLO;12
101102;HUANUCO;YAROWILCA;CAHUAC;14
101103;HUANUCO;YAROWILCA;CHACABAMBA;5
101104;HUANUCO;YAROWILCA;APARICIO POMARES;4
101105;HUANUCO;YAROWILCA;JACAS CHICO;4
101106;HUANUCO;YAROWILCA;OBAS;14
101107;HUANUCO;YAROWILCA;PAMPAMARCA;1
101108;HUANUCO;YAROWILCA;CHORAS;7
110101;ICA;ICA;ICA;44
110102;ICA;ICA;LA TINGUIÑA;11
110103;ICA;ICA;LOS AQUIJES;19
110104;ICA;ICA;OCUCAJE;10
110105;ICA;ICA;PACHACUTEC;10
110106;ICA;ICA;PARCONA;11
110107;ICA;ICA;PUEBLO NUEVO;4
110108;ICA;ICA;SALAS;44
110109;ICA;ICA;SAN JOSE DE LOS MOLINOS;12
110110;ICA;ICA;SAN JUAN BAUTISTA;9
110111;ICA;ICA;SANTIAGO;37
110112;ICA;ICA;SUBTANJALLA;27
110113;ICA;ICA;TATE;0
110114;ICA;ICA;YAUCA DEL ROSARIO;4
110201;ICA;CHINCHA;CHINCHA ALTA;14
110202;ICA;CHINCHA;ALTO LARAN;11
110203;ICA;CHINCHA;CHAVIN;4
110204;ICA;CHINCHA;CHINCHA BAJA;4
110205;ICA;CHINCHA;EL CARMEN;0
110206;ICA;CHINCHA;GROCIO PRADO;26
110207;ICA;CHINCHA;PUEBLO NUEVO;34
110208;ICA;CHINCHA;SAN JUAN DE YANAC;2
110209;ICA;CHINCHA;SAN PEDRO DE HUACARPANA;3
110210;ICA;CHINCHA;SUNAMPE;3
110211;ICA;CHINCHA;TAMBO DE MORA;5
110301;ICA;NAZCA;NAZCA;25
110302;ICA;NAZCA;CHANGUILLO;5
110303;ICA;NAZCA;EL INGENIO;0
110304;ICA;NAZCA;MARCONA;20
110305;ICA;NAZCA;VISTA ALEGRE;7
110401;ICA;PALPA;PALPA;6
110402;ICA;PALPA;LLIPATA;3
110403;ICA;PALPA;RIO GRANDE;3
110404;ICA;PALPA;SANTA CRUZ;5
110405;ICA;PALPA;TIBILLO;4
110501;ICA;PISCO;PISCO;32
110502;ICA;PISCO;HUANCANO;3
110503;ICA;PISCO;HUMAY;2
110504;ICA;PISCO;INDEPENDENCIA;10
110505;ICA;PISCO;PARACAS;19
110506;ICA;PISCO;SAN ANDRES;7
110507;ICA;PISCO;SAN CLEMENTE;9
110508;ICA;PISCO;TUPAC AMARU INCA;16
120101;JUNIN;HUANCAYO;HUANCAYO;164
120104;JUNIN;HUANCAYO;CARHUACALLANGA;3
120105;JUNIN;HUANCAYO;CHACAPAMPA;4
120106;JUNIN;HUANCAYO;CHICCHE;7
120107;JUNIN;HUANCAYO;CHILCA;32
120108;JUNIN;HUANCAYO;CHONGOS ALTO;5
120111;JUNIN;HUANCAYO;CHUPURO;5
120112;JUNIN;HUANCAYO;COLCA;4
120113;JUNIN;HUANCAYO;CULLHUAS;8
120114;JUNIN;HUANCAYO;EL TAMBO;43
120116;JUNIN;HUANCAYO;HUACRAPUQUIO;0
120117;JUNIN;HUANCAYO;HUALHUAS;4
120119;JUNIN;HUANCAYO;HUANCAN;5
120120;JUNIN;HUANCAYO;HUASICANCHA;2
120121;JUNIN;HUANCAYO;HUAYUCACHI;21
120122;JUNIN;HUANCAYO;INGENIO;1
120124;JUNIN;HUANCAYO;PARIAHUANCA;6
120125;JUNIN;HUANCAYO;PILCOMAYO;28
120126;JUNIN;HUANCAYO;PUCARA;5
120127;JUNIN;HUANCAYO;QUICHUAY;0
120128;JUNIN;HUANCAYO;QUILCAS;3
120129;JUNIN;HUANCAYO;SAN AGUSTIN;17
120130;JUNIN;HUANCAYO;SAN JERONIMO DE TUNAN;29
120132;JUNIN;HUANCAYO;SAÑO;1
120133;JUNIN;HUANCAYO;SAPALLANGA;8
120134;JUNIN;HUANCAYO;SICAYA;9
120135;JUNIN;HUANCAYO;SANTO DOMINGO DE ACOBAMBA;8
120136;JUNIN;HUANCAYO;VIQUES;2
120201;JUNIN;CONCEPCION;CONCEPCION;16
120202;JUNIN;CONCEPCION;ACO;3
120203;JUNIN;CONCEPCION;ANDAMARCA;8
120204;JUNIN;CONCEPCION;CHAMBARA;3
120205;JUNIN;CONCEPCION;COCHAS;3
120206;JUNIN;CONCEPCION;COMAS;1
120207;JUNIN;CONCEPCION;HEROINAS TOLEDO;2
120208;JUNIN;CONCEPCION;MANZANARES;1
120209;JUNIN;CONCEPCION;MARISCAL CASTILLA;4
120210;JUNIN;CONCEPCION;MATAHUASI;5
120211;JUNIN;CONCEPCION;MITO;5
120212;JUNIN;CONCEPCION;NUEVE DE JULIO;3
120213;JUNIN;CONCEPCION;ORCOTUNA;9
120214;JUNIN;CONCEPCION;SAN JOSE DE QUERO;8
120215;JUNIN;CONCEPCION;SANTA ROSA DE OCOPA;3
120301;JUNIN;CHANCHAMAYO;CHANCHAMAYO;44
120302;JUNIN;CHANCHAMAYO;PERENE;25
120303;JUNIN;CHANCHAMAYO;PICHANAQUI;18
120304;JUNIN;CHANCHAMAYO;SAN LUIS DE SHUARO;0
120305;JUNIN;CHANCHAMAYO;SAN RAMON;12
120306;JUNIN;CHANCHAMAYO;VITOC;2
120401;JUNIN;JAUJA;JAUJA;29
120402;JUNIN;JAUJA;ACOLLA;7
120403;JUNIN;JAUJA;APATA;7
120404;JUNIN;JAUJA;ATAURA;6
120405;JUNIN;JAUJA;CANCHAYLLO;3
120406;JUNIN;JAUJA;CURICACA;4
120407;JUNIN;JAUJA;EL MANTARO;6
120408;JUNIN;JAUJA;HUAMALI;7
120409;JUNIN;JAUJA;HUARIPAMPA;3
120410;JUNIN;JAUJA;HUERTAS;3
120411;JUNIN;JAUJA;JANJAILLO;2
120412;JUNIN;JAUJA;JULCAN;2
120413;JUNIN;JAUJA;LEONOR ORDOÑEZ;7
120414;JUNIN;JAUJA;LLOCLLAPAMPA;3
120415;JUNIN;JAUJA;MARCO;1
120416;JUNIN;JAUJA;MASMA;4
120417;JUNIN;JAUJA;MASMA CHICCHE;5
120418;JUNIN;JAUJA;MOLINOS;9
120419;JUNIN;JAUJA;MONOBAMBA;0
120420;JUNIN;JAUJA;MUQUI;4
120421;JUNIN;JAUJA;MUQUIYAUYO;2
120422;JUNIN;JAUJA;PACA;8
120423;JUNIN;JAUJA;PACCHA;2
120424;JUNIN;JAUJA;PANCAN;4
120425;JUNIN;JAUJA;PARCO;3
120426;JUNIN;JAUJA;POMACANCHA;3
120427;JUNIN;JAUJA;RICRAN;5
120428;JUNIN;JAUJA;SAN LORENZO;5
120429;JUNIN;JAUJA;SAN PEDRO DE CHUNAN;0
120430;JUNIN;JAUJA;SAUSA;3
120431;JUNIN;JAUJA;SINCOS;4
120432;JUNIN;JAUJA;TUNAN MARCA;3
120433;JUNIN;JAUJA;YAULI;0
120434;JUNIN;JAUJA;YAUYOS;1
120501;JUNIN;JUNIN;JUNIN;23
120502;JUNIN;JUNIN;CARHUAMAYO;7
120503;JUNIN;JUNIN;ONDORES;2
120504;JUNIN;JUNIN;ULCUMAYO;7
120601;JUNIN;SATIPO;SATIPO;72
120602;JUNIN;SATIPO;COVIRIALI;6
120603;JUNIN;SATIPO;LLAYLLA;10
120604;JUNIN;SATIPO;MAZAMARI;42
120605;JUNIN;SATIPO;PAMPA HERMOSA;3
120606;JUNIN;SATIPO;PANGOA;28
120607;JUNIN;SATIPO;RIO NEGRO;37
120608;JUNIN;SATIPO;RIO TAMBO;54
120701;JUNIN;TARMA;TARMA;8
120702;JUNIN;TARMA;ACOBAMBA;5
120703;JUNIN;TARMA;HUARICOLCA;6
120704;JUNIN;TARMA;HUASAHUASI;23
120705;JUNIN;TARMA;LA UNION;5
120706;JUNIN;TARMA;PALCA;6
120707;JUNIN;TARMA;PALCAMAYO;8
120708;JUNIN;TARMA;SAN PEDRO DE CAJAS;3
120709;JUNIN;TARMA;TAPO;4
120801;JUNIN;YAULI;LA OROYA;26
120802;JUNIN;YAULI;CHACAPALPA;3
120803;JUNIN;YAULI;HUAY-HUAY;4
120804;JUNIN;YAULI;MARCAPOMACOCHA;8
120805;JUNIN;YAULI;MOROCOCHA;11
120806;JUNIN;YAULI;PACCHA;5
120807;JUNIN;YAULI;SANTA BARBARA DE CARHUACAYAN;0
120808;JUNIN;YAULI;SANTA ROSA DE SACCO;3
120809;JUNIN;YAULI;SUITUCANCHA;2
120810;JUNIN;YAULI;YAULI;13
120901;JUNIN;CHUPACA;CHUPACA;31
120902;JUNIN;CHUPACA;AHUAC;3
120903;JUNIN;CHUPACA;CHONGOS BAJO;7
120904;JUNIN;CHUPACA;HUACHAC;4
120905;JUNIN;CHUPACA;HUAMANCACA CHICO;0
120906;JUNIN;CHUPACA;SAN JUAN DE ISCOS;6
120907;JUNIN;CHUPACA;SAN JUAN DE JARPA;2
120908;JUNIN;CHUPACA;TRES DE DICIEMBRE;6
120909;JUNIN;CHUPACA;YANACANCHA;6
130101;LA LIBERTAD;TRUJILLO;TRUJILLO;335
130102;LA LIBERTAD;TRUJILLO;EL PORVENIR;52
130103;LA LIBERTAD;TRUJILLO;FLORENCIA DE MORA;6
130104;LA LIBERTAD;TRUJILLO;HUANCHACO;59
130105;LA LIBERTAD;TRUJILLO;LA ESPERANZA;103
130106;LA LIBERTAD;TRUJILLO;LAREDO;37
130107;LA LIBERTAD;TRUJILLO;MOCHE;44
130108;LA LIBERTAD;TRUJILLO;POROTO;17
130109;LA LIBERTAD;TRUJILLO;SALAVERRY;9
130110;LA LIBERTAD;TRUJILLO;SIMBAL;6
130111;LA LIBERTAD;TRUJILLO;VICTOR LARCO HERRERA;40
130201;LA LIBERTAD;ASCOPE;ASCOPE;16
130202;LA LIBERTAD;ASCOPE;CHICAMA;6
130203;LA LIBERTAD;ASCOPE;CHOCOPE;17
130204;LA LIBERTAD;ASCOPE;MAGDALENA DE CAO;10
130205;LA LIBERTAD;ASCOPE;PAIJAN;33
130206;LA LIBERTAD;ASCOPE;RAZURI;17
130207;LA LIBERTAD;ASCOPE;SANTIAGO DE CAO;27
130208;LA LIBERTAD;ASCOPE;CASA GRANDE;33
130301;LA LIBERTAD;BOLIVAR;BOLIVAR;6
130302;LA LIBERTAD;BOLIVAR;BAMBAMARCA;7
130303;LA LIBERTAD;BOLIVAR;CONDORMARCA;4
130304;LA LIBERTAD;BOLIVAR;LONGOTEA;4
130305;LA LIBERTAD;BOLIVAR;UCHUMARCA;4
130306;LA LIBERTAD;BOLIVAR;UCUNCHA;6
130401;LA LIBERTAD;CHEPEN;CHEPEN;11
130402;LA LIBERTAD;CHEPEN;PACANGA;11
130403;LA LIBERTAD;CHEPEN;PUEBLO NUEVO;28
130501;LA LIBERTAD;JULCAN;JULCAN;2
130502;LA LIBERTAD;JULCAN;CALAMARCA;0
130503;LA LIBERTAD;JULCAN;CARABAMBA;9
130504;LA LIBERTAD;JULCAN;HUASO;0
130601;LA LIBERTAD;OTUZCO;OTUZCO;45
130602;LA LIBERTAD;OTUZCO;AGALLPAMPA;9
130604;LA LIBERTAD;OTUZCO;CHARAT;6
130605;LA LIBERTAD;OTUZCO;HUARANCHAL;12
130606;LA LIBERTAD;OTUZCO;LA CUESTA;6
130608;LA LIBERTAD;OTUZCO;MACHE;5
130610;LA LIBERTAD;OTUZCO;PARANDAY;4
130611;LA LIBERTAD;OTUZCO;SALPO;4
130613;LA LIBERTAD;OTUZCO;SINSICAP;7
130614;LA LIBERTAD;OTUZCO;USQUIL;28
130701;LA LIBERTAD;PACASMAYO;SAN PEDRO DE LLOC;17
130702;LA LIBERTAD;PACASMAYO;GUADALUPE;19
130703;LA LIBERTAD;PACASMAYO;JEQUETEPEQUE;5
130704;LA LIBERTAD;PACASMAYO;PACASMAYO;0
130705;LA LIBERTAD;PACASMAYO;SAN JOSE;11
130801;LA LIBERTAD;PATAZ;TAYABAMBA;31
130802;LA LIBERTAD;PATAZ;BULDIBUYO;0
130803;LA LIBERTAD;PATAZ;CHILLIA;25
130804;LA LIBERTAD;PATAZ;HUANCASPATA;4
130805;LA LIBERTAD;PATAZ;HUAYLILLAS;1
130806;LA LIBERTAD;PATAZ;HUAYO;10
130807;LA LIBERTAD;PATAZ;ONGON;4
130808;LA LIBERTAD;PATAZ;PARCOY;29
130809;LA LIBERTAD;PATAZ;PATAZ;22
130810;LA LIBERTAD;PATAZ;PIAS;4
130811;LA LIBERTAD;PATAZ;SANTIAGO DE CHALLAS;0
130812;LA LIBERTAD;PATAZ;TAURIJA;15
130813;LA LIBERTAD;PATAZ;URPAY;2
130901;LA LIBERTAD;SANCHEZ CARRION;HUAMACHUCO;70
130902;LA LIBERTAD;SANCHEZ CARRION;CHUGAY;21
130903;LA LIBERTAD;SANCHEZ CARRION;COCHORCO;10
130904;LA LIBERTAD;SANCHEZ CARRION;CURGOS;37
130905;LA LIBERTAD;SANCHEZ CARRION;MARCABAL;16
130906;LA LIBERTAD;SANCHEZ CARRION;SANAGORAN;17
130907;LA LIBERTAD;SANCHEZ CARRION;SARIN;26
130908;LA LIBERTAD;SANCHEZ CARRION;SARTIMBAMBA;51
131001;LA LIBERTAD;SANTIAGO DE CHUCO;SANTIAGO DE CHUCO;9
131002;LA LIBERTAD;SANTIAGO DE CHUCO;ANGASMARCA;14
131003;LA LIBERTAD;SANTIAGO DE CHUCO;CACHICADAN;2
131004;LA LIBERTAD;SANTIAGO DE CHUCO;MOLLEBAMBA;1
131005;LA LIBERTAD;SANTIAGO DE CHUCO;MOLLEPATA;5
131006;LA LIBERTAD;SANTIAGO DE CHUCO;QUIRUVILCA;21
131007;LA LIBERTAD;SANTIAGO DE CHUCO;SANTA CRUZ DE CHUCA;12
131008;LA LIBERTAD;SANTIAGO DE CHUCO;SITABAMBA;6
131101;LA LIBERTAD;GRAN CHIMU;CASCAS;33
131102;LA LIBERTAD;GRAN CHIMU;LUCMA;26
131103;LA LIBERTAD;GRAN CHIMU;MARMOT;6
131104;LA LIBERTAD;GRAN CHIMU;SAYAPULLO;23
131201;LA LIBERTAD;VIRU;VIRU;79
131202;LA LIBERTAD;VIRU;CHAO;54
131203;LA LIBERTAD;VIRU;GUADALUPITO;15
140101;LAMBAYEQUE;CHICLAYO;CHICLAYO;314
140102;LAMBAYEQUE;CHICLAYO;CHONGOYAPE;1
140103;LAMBAYEQUE;CHICLAYO;ETEN;5
140104;LAMBAYEQUE;CHICLAYO;ETEN PUERTO;5
140105;LAMBAYEQUE;CHICLAYO;JOSE LEONARDO ORTIZ;56
140106;LAMBAYEQUE;CHICLAYO;LA VICTORIA;26
140107;LAMBAYEQUE;CHICLAYO;LAGUNAS;6
140108;LAMBAYEQUE;CHICLAYO;MONSEFU;7
140109;LAMBAYEQUE;CHICLAYO;NUEVA ARICA;4
140110;LAMBAYEQUE;CHICLAYO;OYOTUN;11
140111;LAMBAYEQUE;CHICLAYO;PICSI;6
140112;LAMBAYEQUE;CHICLAYO;PIMENTEL;59
140113;LAMBAYEQUE;CHICLAYO;REQUE;19
140114;LAMBAYEQUE;CHICLAYO;SANTA ROSA;16
140115;LAMBAYEQUE;CHICLAYO;SAÑA;5
140116;LAMBAYEQUE;CHICLAYO;CAYALTI;4
140117;LAMBAYEQUE;CHICLAYO;PATAPO;16
140118;LAMBAYEQUE;CHICLAYO;POMALCA;14
140119;LAMBAYEQUE;CHICLAYO;PUCALA;9
140120;LAMBAYEQUE;CHICLAYO;TUMAN;17
140201;LAMBAYEQUE;FERREÑAFE;FERREÑAFE;22
140202;LAMBAYEQUE;FERREÑAFE;CAÑARIS;13
140203;LAMBAYEQUE;FERREÑAFE;INCAHUASI;9
140204;LAMBAYEQUE;FERREÑAFE;MANUEL ANTONIO MESONES MURO;8
140205;LAMBAYEQUE;FERREÑAFE;PITIPO;8
140206;LAMBAYEQUE;FERREÑAFE;PUEBLO NUEVO;4
140301;LAMBAYEQUE;LAMBAYEQUE;LAMBAYEQUE;14
140302;LAMBAYEQUE;LAMBAYEQUE;CHOCHOPE;3
140303;LAMBAYEQUE;LAMBAYEQUE;ILLIMO;13
140304;LAMBAYEQUE;LAMBAYEQUE;JAYANCA;5
140305;LAMBAYEQUE;LAMBAYEQUE;MOCHUMI;19
140306;LAMBAYEQUE;LAMBAYEQUE;MORROPE;40
140307;LAMBAYEQUE;LAMBAYEQUE;MOTUPE;13
140308;LAMBAYEQUE;LAMBAYEQUE;OLMOS;7
140309;LAMBAYEQUE;LAMBAYEQUE;PACORA;9
140310;LAMBAYEQUE;LAMBAYEQUE;SALAS;12
140311;LAMBAYEQUE;LAMBAYEQUE;SAN JOSE;17
140312;LAMBAYEQUE;LAMBAYEQUE;TUCUME;24
150101;LIMA;LIMA;LIMA;615
150102;LIMA;LIMA;ANCON;1
150103;LIMA;LIMA;ATE;185
150104;LIMA;LIMA;BARRANCO;156
150105;LIMA;LIMA;BREÑA;9
150106;LIMA;LIMA;CARABAYLLO;105
150107;LIMA;LIMA;CHACLACAYO;4
150108;LIMA;LIMA;CHORRILLOS;76
150109;LIMA;LIMA;CIENEGUILLA;84
150110;LIMA;LIMA;COMAS;37
150111;LIMA;LIMA;EL AGUSTINO;11
150112;LIMA;LIMA;INDEPENDENCIA;64
150113;LIMA;LIMA;JESUS MARIA;55
150114;LIMA;LIMA;LA MOLINA;158
150115;LIMA;LIMA;LA VICTORIA;384
150116;LIMA;LIMA;LINCE;56
150117;LIMA;LIMA;LOS OLIVOS;174
150118;LIMA;LIMA;LURIGANCHO;41
150119;LIMA;LIMA;LURIN;77
150120;LIMA;LIMA;MAGDALENA DEL MAR;41
150121;LIMA;LIMA;PUEBLO LIBRE;23
150122;LIMA;LIMA;MIRAFLORES;237
150123;LIMA;LIMA;PACHACAMAC;28
150124;LIMA;LIMA;PUCUSANA;12
150125;LIMA;LIMA;PUENTE PIEDRA;12
150126;LIMA;LIMA;PUNTA HERMOSA;17
150127;LIMA;LIMA;PUNTA NEGRA;0
150128;LIMA;LIMA;RIMAC;98
150129;LIMA;LIMA;SAN BARTOLO;1
150130;LIMA;LIMA;SAN BORJA;164
150131;LIMA;LIMA;SAN ISIDRO;474
150132;LIMA;LIMA;SAN JUAN DE LURIGANCHO;123
150133;LIMA;LIMA;SAN JUAN DE MIRAFLORES;60
150134;LIMA;LIMA;SAN LUIS;33
150135;LIMA;LIMA;SAN MARTIN DE PORRES;60
150136;LIMA;LIMA;SAN MIGUEL;15
150137;LIMA;LIMA;SANTA ANITA;57
150138;LIMA;LIMA;SANTA MARIA DEL MAR;1
150139;LIMA;LIMA;SANTA ROSA;2
150140;LIMA;LIMA;SANTIAGO DE SURCO;43
150141;LIMA;LIMA;SURQUILLO;20
150142;LIMA;LIMA;VILLA EL SALVADOR;62
150143;LIMA;LIMA;VILLA MARIA DEL TRIUNFO;38
150201;LIMA;BARRANCA;BARRANCA;97
150202;LIMA;BARRANCA;PARAMONGA;15
150203;LIMA;BARRANCA;PATIVILCA;7
150204;LIMA;BARRANCA;SUPE;17
150205;LIMA;BARRANCA;SUPE PUERTO;14
150301;LIMA;CAJATAMBO;CAJATAMBO;6
150302;LIMA;CAJATAMBO;COPA;3
150303;LIMA;CAJATAMBO;GORGOR;4
150304;LIMA;CAJATAMBO;HUANCAPON;0
150305;LIMA;CAJATAMBO;MANAS;1
150401;LIMA;CANTA;CANTA;11
150402;LIMA;CANTA;ARAHUAY;1
150403;LIMA;CANTA;HUAMANTANGA;3
150404;LIMA;CANTA;HUAROS;3
150405;LIMA;CANTA;LACHAQUI;4
150406;LIMA;CANTA;SAN BUENAVENTURA;0
150407;LIMA;CANTA;SANTA ROSA DE QUIVES;0
150501;LIMA;CAÑETE;SAN VICENTE DE CAÑETE;37
150502;LIMA;CAÑETE;ASIA;1
150503;LIMA;CAÑETE;CALANGO;2
150504;LIMA;CAÑETE;CERRO AZUL;14
150505;LIMA;CAÑETE;CHILCA;9
150506;LIMA;CAÑETE;COAYLLO;6
150507;LIMA;CAÑETE;IMPERIAL;32
150508;LIMA;CAÑETE;LUNAHUANA;16
150509;LIMA;CAÑETE;MALA;9
150510;LIMA;CAÑETE;NUEVO IMPERIAL;10
150511;LIMA;CAÑETE;PACARAN;9
150512;LIMA;CAÑETE;QUILMANA;0
150513;LIMA;CAÑETE;SAN ANTONIO;10
150514;LIMA;CAÑETE;SAN LUIS;0
150515;LIMA;CAÑETE;SANTA CRUZ DE FLORES;7
150516;LIMA;CAÑETE;ZUÑIGA;1
150601;LIMA;HUARAL;HUARAL;11
150602;LIMA;HUARAL;ATAVILLOS ALTO;2
150603;LIMA;HUARAL;ATAVILLOS BAJO;5
150604;LIMA;HUARAL;AUCALLAMA;13
150605;LIMA;HUARAL;CHANCAY;16
150606;LIMA;HUARAL;IHUARI;6
150607;LIMA;HUARAL;LAMPIAN;3
150608;LIMA;HUARAL;PACARAOS;0
150609;LIMA;HUARAL;SAN MIGUEL DE ACOS;2
150610;LIMA;HUARAL;SANTA CRUZ DE ANDAMARCA;0
150611;LIMA;HUARAL;SUMBILCA;2
150612;LIMA;HUARAL;VEINTISIETE DE NOVIEMBRE;2
150701;LIMA;HUAROCHIRI;MATUCANA;29
150702;LIMA;HUAROCHIRI;ANTIOQUIA;3
150703;LIMA;HUAROCHIRI;CALLAHUANCA;5
150704;LIMA;HUAROCHIRI;CARAMPOMA;3
150705;LIMA;HUAROCHIRI;CHICLA;5
150706;LIMA;HUAROCHIRI;CUENCA;2
150707;LIMA;HUAROCHIRI;HUACHUPAMPA;2
150708;LIMA;HUAROCHIRI;HUANZA;0
150709;LIMA;HUAROCHIRI;HUAROCHIRI;2
150710;LIMA;HUAROCHIRI;LAHUAYTAMBO;3
150711;LIMA;HUAROCHIRI;LANGA;2
150712;LIMA;HUAROCHIRI;LARAOS;8
150713;LIMA;HUAROCHIRI;MARIATANA;3
150714;LIMA;HUAROCHIRI;RICARDO PALMA;2
150715;LIMA;HUAROCHIRI;SAN ANDRES DE TUPICOCHA;2
150716;LIMA;HUAROCHIRI;SAN ANTONIO;0
150717;LIMA;HUAROCHIRI;SAN BARTOLOME;5
150718;LIMA;HUAROCHIRI;SAN DAMIAN;0
150719;LIMA;HUAROCHIRI;SAN JUAN DE IRIS;4
150720;LIMA;HUAROCHIRI;SAN JUAN DE TANTARANCHE;3
150721;LIMA;HUAROCHIRI;SAN LORENZO DE QUINTI;6
150722;LIMA;HUAROCHIRI;SAN MATEO;4
150723;LIMA;HUAROCHIRI;SAN MATEO DE OTAO;4
150724;LIMA;HUAROCHIRI;SAN PEDRO DE CASTA;3
150725;LIMA;HUAROCHIRI;SAN PEDRO DE HUANCAYRE;3
150726;LIMA;HUAROCHIRI;SANGALLAYA;2
150727;LIMA;HUAROCHIRI;SANTA CRUZ DE COCACHACRA;3
150728;LIMA;HUAROCHIRI;SANTA EULALIA;17
150729;LIMA;HUAROCHIRI;SANTIAGO DE ANCHUCAYA;4
150730;LIMA;HUAROCHIRI;SANTIAGO DE TUNA;2
150731;LIMA;HUAROCHIRI;SANTO DOMINGO DE LOS OLLEROS;2
150732;LIMA;HUAROCHIRI;SURCO;3
150801;LIMA;HUAURA;HUACHO;49
150802;LIMA;HUAURA;AMBAR;6
150803;LIMA;HUAURA;CALETA DE CARQUIN;19
150804;LIMA;HUAURA;CHECRAS;2
150805;LIMA;HUAURA;HUALMAY;27
150806;LIMA;HUAURA;HUAURA;82
150807;LIMA;HUAURA;LEONCIO PRADO;9
150808;LIMA;HUAURA;PACCHO;4
150809;LIMA;HUAURA;SANTA LEONOR;1
150810;LIMA;HUAURA;SANTA MARIA;0
150811;LIMA;HUAURA;SAYAN;29
150812;LIMA;HUAURA;VEGUETA;12
150901;LIMA;OYON;OYON;19
150902;LIMA;OYON;ANDAJES;6
150903;LIMA;OYON;CAUJUL;6
150904;LIMA;OYON;COCHAMARCA;3
150905;LIMA;OYON;NAVAN;2
150906;LIMA;OYON;PACHANGARA;15
151001;LIMA;YAUYOS;YAUYOS;3
151002;LIMA;YAUYOS;ALIS;5
151003;LIMA;YAUYOS;ALLAUCA;2
151004;LIMA;YAUYOS;AYAVIRI;2
151005;LIMA;YAUYOS;AZANGARO;1
151006;LIMA;YAUYOS;CACRA;2
151007;LIMA;YAUYOS;CARANIA;3
151008;LIMA;YAUYOS;CATAHUASI;0
151009;LIMA;YAUYOS;CHOCOS;6
151010;LIMA;YAUYOS;COCHAS;1
151011;LIMA;YAUYOS;COLONIA;2
151012;LIMA;YAUYOS;HONGOS;4
151013;LIMA;YAUYOS;HUAMPARA;2
151014;LIMA;YAUYOS;HUANCAYA;0
151015;LIMA;YAUYOS;HUANGASCAR;2
151016;LIMA;YAUYOS;HUANTAN;0
151017;LIMA;YAUYOS;HUAÑEC;1
151018;LIMA;YAUYOS;LARAOS;0
151019;LIMA;YAUYOS;LINCHA;0
151020;LIMA;YAUYOS;MADEAN;3
151021;LIMA;YAUYOS;MIRAFLORES;3
151022;LIMA;YAUYOS;OMAS;3
151023;LIMA;YAUYOS;PUTINZA;2
151024;LIMA;YAUYOS;QUINCHES;3
151025;LIMA;YAUYOS;QUINOCAY;2
151026;LIMA;YAUYOS;SAN JOAQUIN;7
151027;LIMA;YAUYOS;SAN PEDRO DE PILAS;4
151028;LIMA;YAUYOS;TANTA;0
151029;LIMA;YAUYOS;TAURIPAMPA;3
151030;LIMA;YAUYOS;TOMAS;3
151031;LIMA;YAUYOS;TUPE;5
151032;LIMA;YAUYOS;VIÑAC;3
151033;LIMA;YAUYOS;VITIS;6
160101;LORETO;MAYNAS;IQUITOS;126
160102;LORETO;MAYNAS;ALTO NANAY;8
160103;LORETO;MAYNAS;FERNANDO LORES;16
160104;LORETO;MAYNAS;INDIANA;0
160105;LORETO;MAYNAS;LAS AMAZONAS;1
160106;LORETO;MAYNAS;MAZAN;15
160107;LORETO;MAYNAS;NAPO;10
160108;LORETO;MAYNAS;PUNCHANA;19
160110;LORETO;MAYNAS;TORRES CAUSANA;2
160112;LORETO;MAYNAS;BELEN;40
160113;LORETO;MAYNAS;SAN JUAN BAUTISTA;72
160201;LORETO;ALTO AMAZONAS;YURIMAGUAS;40
160202;LORETO;ALTO AMAZONAS;BALSAPUERTO;19
160205;LORETO;ALTO AMAZONAS;JEBEROS;7
160206;LORETO;ALTO AMAZONAS;LAGUNAS;8
160210;LORETO;ALTO AMAZONAS;SANTA CRUZ;6
160211;LORETO;ALTO AMAZONAS;TENIENTE CESAR LOPEZ ROJAS;5
160301;LORETO;LORETO;NAUTA;6
160302;LORETO;LORETO;PARINARI;3
160303;LORETO;LORETO;TIGRE;9
160304;LORETO;LORETO;TROMPETEROS;9
160305;LORETO;LORETO;URARINAS;12
160401;LORETO;MARISCAL RAMON CASTILLA;RAMON CASTILLA;9
160402;LORETO;MARISCAL RAMON CASTILLA;PEBAS;21
160403;LORETO;MARISCAL RAMON CASTILLA;YAVARI;15
160404;LORETO;MARISCAL RAMON CASTILLA;SAN PABLO;10
160501;LORETO;REQUENA;REQUENA;7
160502;LORETO;REQUENA;ALTO TAPICHE;9
160503;LORETO;REQUENA;CAPELO;0
160504;LORETO;REQUENA;EMILIO SAN MARTIN;6
160505;LORETO;REQUENA;MAQUIA;0
160506;LORETO;REQUENA;PUINAHUA;0
160507;LORETO;REQUENA;SAQUENA;4
160508;LORETO;REQUENA;SOPLIN;3
160509;LORETO;REQUENA;TAPICHE;5
160510;LORETO;REQUENA;JENARO HERRERA;1
160511;LORETO;REQUENA;YAQUERANA;12
160601;LORETO;UCAYALI;CONTAMANA;29
160602;LORETO;UCAYALI;INAHUAYA;1
160603;LORETO;UCAYALI;PADRE MARQUEZ;0
160604;LORETO;UCAYALI;PAMPA HERMOSA;4
160605;LORETO;UCAYALI;SARAYACU;8
160606;LORETO;UCAYALI;VARGAS GUERRA;16
160701;LORETO;DATEM DEL MARAÑON;BARRANCA;12
160702;LORETO;DATEM DEL MARAÑON;CAHUAPANAS;29
160703;LORETO;DATEM DEL MARAÑON;MANSERICHE;2
160704;LORETO;DATEM DEL MARAÑON;MORONA;3
160705;LORETO;DATEM DEL MARAÑON;PASTAZA;3
160706;LORETO;DATEM DEL MARAÑON;ANDOAS;2
160801;LORETO;PUTUMAYO;PUTUMAYO;4
160802;LORETO;PUTUMAYO;ROSA PANDURO;0
160803;LORETO;PUTUMAYO;TENIENTE MANUEL CLAVERO;4
160804;LORETO;PUTUMAYO;YAGUAS;1
170101;MADRE DE DIOS;TAMBOPATA;TAMBOPATA;45
170102;MADRE DE DIOS;TAMBOPATA;INAMBARI;20
170103;MADRE DE DIOS;TAMBOPATA;LAS PIEDRAS;15
170104;MADRE DE DIOS;TAMBOPATA;LABERINTO;8
170201;MADRE DE DIOS;MANU;MANU;6
170202;MADRE DE DIOS;MANU;FITZCARRALD;9
170203;MADRE DE DIOS;MANU;MADRE DE DIOS;0
170204;MADRE DE DIOS;MANU;HUEPETUHE;9
170301;MADRE DE DIOS;TAHUAMANU;IÑAPARI;0
170302;MADRE DE DIOS;TAHUAMANU;IBERIA;0
170303;MADRE DE DIOS;TAHUAMANU;TAHUAMANU;1
180101;MOQUEGUA;MARISCAL NIETO;MOQUEGUA;246
180102;MOQUEGUA;MARISCAL NIETO;CARUMAS;11
180103;MOQUEGUA;MARISCAL NIETO;CUCHUMBAYA;10
180104;MOQUEGUA;MARISCAL NIETO;SAMEGUA;40
180105;MOQUEGUA;MARISCAL NIETO;SAN CRISTOBAL;22
180106;MOQUEGUA;MARISCAL NIETO;TORATA;77
180201;MOQUEGUA;GENERAL SANCHEZ CERRO;OMATE;26
180202;MOQUEGUA;GENERAL SANCHEZ CERRO;CHOJATA;4
180203;MOQUEGUA;GENERAL SANCHEZ CERRO;COALAQUE;8
180204;MOQUEGUA;GENERAL SANCHEZ CERRO;ICHUÑA;14
180205;MOQUEGUA;GENERAL SANCHEZ CERRO;LA CAPILLA;3
180206;MOQUEGUA;GENERAL SANCHEZ CERRO;LLOQUE;6
180207;MOQUEGUA;GENERAL SANCHEZ CERRO;MATALAQUE;6
180208;MOQUEGUA;GENERAL SANCHEZ CERRO;PUQUINA;4
180209;MOQUEGUA;GENERAL SANCHEZ CERRO;QUINISTAQUILLAS;1
180210;MOQUEGUA;GENERAL SANCHEZ CERRO;UBINAS;6
180211;MOQUEGUA;GENERAL SANCHEZ CERRO;YUNGA;20
180301;MOQUEGUA;ILO;ILO;50
180302;MOQUEGUA;ILO;EL ALGARROBAL;21
180303;MOQUEGUA;ILO;PACOCHA;5
190101;PASCO;PASCO;CHAUPIMARCA;102
190102;PASCO;PASCO;HUACHON;15
190103;PASCO;PASCO;HUARIACA;3
190104;PASCO;PASCO;HUAYLLAY;65
190105;PASCO;PASCO;NINACACA;11
190106;PASCO;PASCO;PALLANCHACRA;5
190107;PASCO;PASCO;PAUCARTAMBO;37
190108;PASCO;PASCO;SAN FRANCISCO DE ASIS DE YARUSYACAN;8
190109;PASCO;PASCO;SIMON BOLIVAR;29
190110;PASCO;PASCO;TICLACAYAN;10
190111;PASCO;PASCO;TINYAHUARCO;4
190112;PASCO;PASCO;VICCO;9
190113;PASCO;PASCO;YANACANCHA;65
190201;PASCO;DANIEL ALCIDES CARRION;YANAHUANCA;87
190202;PASCO;DANIEL ALCIDES CARRION;CHACAYAN;24
190203;PASCO;DANIEL ALCIDES CARRION;GOYLLARISQUIZGA;3
190204;PASCO;DANIEL ALCIDES CARRION;PAUCAR;18
190205;PASCO;DANIEL ALCIDES CARRION;SAN PEDRO DE PILLAO;3
190206;PASCO;DANIEL ALCIDES CARRION;SANTA ANA DE TUSI;62
190207;PASCO;DANIEL ALCIDES CARRION;TAPUC;6
190208;PASCO;DANIEL ALCIDES CARRION;VILCABAMBA;4
190301;PASCO;OXAPAMPA;OXAPAMPA;52
190302;PASCO;OXAPAMPA;CHONTABAMBA;11
190303;PASCO;OXAPAMPA;HUANCABAMBA;6
190304;PASCO;OXAPAMPA;PALCAZU;3
190305;PASCO;OXAPAMPA;POZUZO;7
190306;PASCO;OXAPAMPA;PUERTO BERMUDEZ;9
190307;PASCO;OXAPAMPA;VILLA RICA;19
190308;PASCO;OXAPAMPA;CONSTITUCIÓN;17
200101;PIURA;PIURA;PIURA;118
200104;PIURA;PIURA;CASTILLA;41
200105;PIURA;PIURA;CATACAOS;24
200107;PIURA;PIURA;CURA MORI;8
200108;PIURA;PIURA;EL TALLAN;5
200109;PIURA;PIURA;LA ARENA;33
200110;PIURA;PIURA;LA UNION;21
200111;PIURA;PIURA;LAS LOMAS;11
200114;PIURA;PIURA;TAMBO GRANDE;96
200115;PIURA;PIURA;VEINTISEIS DE OCTUBRE;60
200201;PIURA;AYABACA;AYABACA;39
200202;PIURA;AYABACA;FRIAS;25
200203;PIURA;AYABACA;JILILI;3
200204;PIURA;AYABACA;LAGUNAS;9
200205;PIURA;AYABACA;MONTERO;12
200206;PIURA;AYABACA;PACAIPAMPA;62
200207;PIURA;AYABACA;PAIMAS;14
200208;PIURA;AYABACA;SAPILLICA;22
200209;PIURA;AYABACA;SICCHEZ;0
200210;PIURA;AYABACA;SUYO;24
200301;PIURA;HUANCABAMBA;HUANCABAMBA;35
200302;PIURA;HUANCABAMBA;CANCHAQUE;9
200303;PIURA;HUANCABAMBA;EL CARMEN DE LA FRONTERA;14
200304;PIURA;HUANCABAMBA;HUARMACA;19
200305;PIURA;HUANCABAMBA;LALAQUIZ;6
200306;PIURA;HUANCABAMBA;SAN MIGUEL DE EL FAIQUE;13
200307;PIURA;HUANCABAMBA;SONDOR;12
200308;PIURA;HUANCABAMBA;SONDORILLO;21
200401;PIURA;MORROPON;CHULUCANAS;24
200402;PIURA;MORROPON;BUENOS AIRES;3
200403;PIURA;MORROPON;CHALACO;11
200404;PIURA;MORROPON;LA MATANZA;15
200405;PIURA;MORROPON;MORROPON;9
200406;PIURA;MORROPON;SALITRAL;11
200407;PIURA;MORROPON;SAN JUAN DE BIGOTE;10
200408;PIURA;MORROPON;SANTA CATALINA DE MOSSA;7
200409;PIURA;MORROPON;SANTO DOMINGO;4
200410;PIURA;MORROPON;YAMANGO;7
200501;PIURA;PAITA;PAITA;8
200502;PIURA;PAITA;AMOTAPE;7
200503;PIURA;PAITA;ARENAL;4
200504;PIURA;PAITA;COLAN;7
200505;PIURA;PAITA;LA HUACA;4
200506;PIURA;PAITA;TAMARINDO;0
200507;PIURA;PAITA;VICHAYAL;7
200601;PIURA;SULLANA;SULLANA;15
200602;PIURA;SULLANA;BELLAVISTA;8
200603;PIURA;SULLANA;IGNACIO ESCUDERO;7
200604;PIURA;SULLANA;LANCONES;9
200605;PIURA;SULLANA;MARCAVELICA;7
200606;PIURA;SULLANA;MIGUEL CHECA;11
200607;PIURA;SULLANA;QUERECOTILLO;4
200608;PIURA;SULLANA;SALITRAL;0
200701;PIURA;TALARA;PARIÑAS;20
200702;PIURA;TALARA;EL ALTO;2
200703;PIURA;TALARA;LA BREA;26
200704;PIURA;TALARA;LOBITOS;8
200705;PIURA;TALARA;LOS ORGANOS;2
200706;PIURA;TALARA;MANCORA;5
200801;PIURA;SECHURA;SECHURA;41
200802;PIURA;SECHURA;BELLAVISTA DE LA UNION;7
200803;PIURA;SECHURA;BERNAL;2
200804;PIURA;SECHURA;CRISTO NOS VALGA;1
200805;PIURA;SECHURA;VICE;8
200806;PIURA;SECHURA;RINCONADA LLICUAR;7
210101;PUNO;PUNO;PUNO;128
210102;PUNO;PUNO;ACORA;28
210103;PUNO;PUNO;AMANTANI;3
210104;PUNO;PUNO;ATUNCOLLA;14
210105;PUNO;PUNO;CAPACHICA;19
210106;PUNO;PUNO;CHUCUITO;7
210107;PUNO;PUNO;COATA;8
210108;PUNO;PUNO;HUATA;19
210109;PUNO;PUNO;MAÑAZO;14
210110;PUNO;PUNO;PAUCARCOLLA;14
210111;PUNO;PUNO;PICHACANI;9
210112;PUNO;PUNO;PLATERIA;13
210113;PUNO;PUNO;SAN ANTONIO;7
210114;PUNO;PUNO;TIQUILLACA;8
210115;PUNO;PUNO;VILQUE;2
210201;PUNO;AZANGARO;AZANGARO;59
210202;PUNO;AZANGARO;ACHAYA;9
210203;PUNO;AZANGARO;ARAPA;28
210204;PUNO;AZANGARO;ASILLO;10
210205;PUNO;AZANGARO;CAMINACA;7
210206;PUNO;AZANGARO;CHUPA;33
210207;PUNO;AZANGARO;JOSE DOMINGO CHOQUEHUANCA;19
210208;PUNO;AZANGARO;MUÑANI;9
210209;PUNO;AZANGARO;POTONI;13
210210;PUNO;AZANGARO;SAMAN;10
210211;PUNO;AZANGARO;SAN ANTON;10
210212;PUNO;AZANGARO;SAN JOSE;16
210213;PUNO;AZANGARO;SAN JUAN DE SALINAS;22
210214;PUNO;AZANGARO;SANTIAGO DE PUPUJA;11
210215;PUNO;AZANGARO;TIRAPATA;8
210301;PUNO;CARABAYA;MACUSANI;38
210302;PUNO;CARABAYA;AJOYANI;8
210303;PUNO;CARABAYA;AYAPATA;17
210304;PUNO;CARABAYA;COASA;24
210305;PUNO;CARABAYA;CORANI;6
210306;PUNO;CARABAYA;CRUCERO;23
210307;PUNO;CARABAYA;ITUATA;10
210308;PUNO;CARABAYA;OLLACHEA;15
210309;PUNO;CARABAYA;SAN GABAN;33
210310;PUNO;CARABAYA;USICAYOS;14
210401;PUNO;CHUCUITO;JULI;37
210402;PUNO;CHUCUITO;DESAGUADERO;21
210403;PUNO;CHUCUITO;HUACULLANI;11
210404;PUNO;CHUCUITO;KELLUYO;18
210405;PUNO;CHUCUITO;PISACOMA;15
210406;PUNO;CHUCUITO;POMATA;60
210407;PUNO;CHUCUITO;ZEPITA;15
210501;PUNO;EL COLLAO;ILAVE;32
210502;PUNO;EL COLLAO;CAPAZO;8
210503;PUNO;EL COLLAO;PILCUYO;20
210504;PUNO;EL COLLAO;SANTA ROSA;12
210505;PUNO;EL COLLAO;CONDURIRI;9
210601;PUNO;HUANCANE;HUANCANE;26
210602;PUNO;HUANCANE;COJATA;10
210603;PUNO;HUANCANE;HUATASANI;12
210604;PUNO;HUANCANE;INCHUPALLA;8
210605;PUNO;HUANCANE;PUSI;4
210606;PUNO;HUANCANE;ROSASPATA;10
210607;PUNO;HUANCANE;TARACO;0
210608;PUNO;HUANCANE;VILQUE CHICO;4
210701;PUNO;LAMPA;LAMPA;14
210702;PUNO;LAMPA;CABANILLA;1
210703;PUNO;LAMPA;CALAPUJA;0
210704;PUNO;LAMPA;NICASIO;6
210705;PUNO;LAMPA;OCUVIRI;11
210706;PUNO;LAMPA;PALCA;3
210707;PUNO;LAMPA;PARATIA;6
210708;PUNO;LAMPA;PUCARA;8
210709;PUNO;LAMPA;SANTA LUCIA;2
210710;PUNO;LAMPA;VILAVILA;9
210801;PUNO;MELGAR;AYAVIRI;59
210802;PUNO;MELGAR;ANTAUTA;9
210803;PUNO;MELGAR;CUPI;1
210804;PUNO;MELGAR;LLALLI;8
210805;PUNO;MELGAR;MACARI;35
210806;PUNO;MELGAR;NUÑOA;16
210807;PUNO;MELGAR;ORURILLO;27
210808;PUNO;MELGAR;SANTA ROSA;5
210809;PUNO;MELGAR;UMACHIRI;7
210901;PUNO;MOHO;MOHO;15
210902;PUNO;MOHO;CONIMA;9
210903;PUNO;MOHO;HUAYRAPATA;3
210904;PUNO;MOHO;TILALI;0
211001;PUNO;SAN ANTONIO DE PUTINA;PUTINA;28
211002;PUNO;SAN ANTONIO DE PUTINA;ANANEA;11
211003;PUNO;SAN ANTONIO DE PUTINA;PEDRO VILCA APAZA;4
211004;PUNO;SAN ANTONIO DE PUTINA;QUILCAPUNCU;5
211005;PUNO;SAN ANTONIO DE PUTINA;SINA;4
211101;PUNO;SAN ROMAN;JULIACA;97
211102;PUNO;SAN ROMAN;CABANA;7
211103;PUNO;SAN ROMAN;CABANILLAS;2
211104;PUNO;SAN ROMAN;CARACOTO;9
211201;PUNO;SANDIA;SANDIA;6
211202;PUNO;SANDIA;CUYOCUYO;4
211203;PUNO;SANDIA;LIMBANI;26
211204;PUNO;SANDIA;PATAMBUCO;9
211205;PUNO;SANDIA;PHARA;5
211206;PUNO;SANDIA;QUIACA;0
211207;PUNO;SANDIA;SAN JUAN DEL ORO;0
211208;PUNO;SANDIA;YANAHUAYA;0
211209;PUNO;SANDIA;ALTO INAMBARI;8
211210;PUNO;SANDIA;SAN PEDRO DE PUTINA PUNCO;8
211301;PUNO;YUNGUYO;YUNGUYO;7
211302;PUNO;YUNGUYO;ANAPIA;7
211303;PUNO;YUNGUYO;COPANI;12
211304;PUNO;YUNGUYO;CUTURAPI;0
211305;PUNO;YUNGUYO;OLLARAYA;6
211306;PUNO;YUNGUYO;TINICACHI;6
211307;PUNO;YUNGUYO;UNICACHI;5
220101;SAN MARTIN;MOYOBAMBA;MOYOBAMBA;25
220102;SAN MARTIN;MOYOBAMBA;CALZADA;0
220103;SAN MARTIN;MOYOBAMBA;HABANA;3
220104;SAN MARTIN;MOYOBAMBA;JEPELACIO;14
220105;SAN MARTIN;MOYOBAMBA;SORITOR;47
220106;SAN MARTIN;MOYOBAMBA;YANTALO;2
220201;SAN MARTIN;BELLAVISTA;BELLAVISTA;26
220202;SAN MARTIN;BELLAVISTA;ALTO BIAVO;11
220203;SAN MARTIN;BELLAVISTA;BAJO BIAVO;10
220204;SAN MARTIN;BELLAVISTA;HUALLAGA;9
220205;SAN MARTIN;BELLAVISTA;SAN PABLO;9
220206;SAN MARTIN;BELLAVISTA;SAN RAFAEL;1
220301;SAN MARTIN;EL DORADO;SAN JOSE DE SISA;18
220302;SAN MARTIN;EL DORADO;AGUA BLANCA;2
220303;SAN MARTIN;EL DORADO;SAN MARTIN;5
220304;SAN MARTIN;EL DORADO;SANTA ROSA;8
220305;SAN MARTIN;EL DORADO;SHATOJA;3
220401;SAN MARTIN;HUALLAGA;SAPOSOA;20
220402;SAN MARTIN;HUALLAGA;ALTO SAPOSOA;1
220403;SAN MARTIN;HUALLAGA;EL ESLABON;3
220404;SAN MARTIN;HUALLAGA;PISCOYACU;1
220405;SAN MARTIN;HUALLAGA;SACANCHE;0
220406;SAN MARTIN;HUALLAGA;TINGO DE SAPOSOA;0
220501;SAN MARTIN;LAMAS;LAMAS;31
220502;SAN MARTIN;LAMAS;ALONSO DE ALVARADO;14
220503;SAN MARTIN;LAMAS;BARRANQUITA;2
220504;SAN MARTIN;LAMAS;CAYNARACHI;7
220505;SAN MARTIN;LAMAS;CUÑUMBUQUI;0
220506;SAN MARTIN;LAMAS;PINTO RECODO;6
220507;SAN MARTIN;LAMAS;RUMISAPA;1
220508;SAN MARTIN;LAMAS;SAN ROQUE DE CUMBAZA;6
220509;SAN MARTIN;LAMAS;SHANAO;3
220510;SAN MARTIN;LAMAS;TABALOSOS;5
220511;SAN MARTIN;LAMAS;ZAPATERO;2
220601;SAN MARTIN;MARISCAL CACERES;JUANJUI;22
220602;SAN MARTIN;MARISCAL CACERES;CAMPANILLA;0
220603;SAN MARTIN;MARISCAL CACERES;HUICUNGO;1
220604;SAN MARTIN;MARISCAL CACERES;PACHIZA;5
220605;SAN MARTIN;MARISCAL CACERES;PAJARILLO;5
220701;SAN MARTIN;PICOTA;PICOTA;8
220702;SAN MARTIN;PICOTA;BUENOS AIRES;2
220703;SAN MARTIN;PICOTA;CASPISAPA;0
220704;SAN MARTIN;PICOTA;PILLUANA;0
220705;SAN MARTIN;PICOTA;PUCACACA;1
220706;SAN MARTIN;PICOTA;SAN CRISTOBAL;5
220707;SAN MARTIN;PICOTA;SAN HILARION;3
220708;SAN MARTIN;PICOTA;SHAMBOYACU;12
220709;SAN MARTIN;PICOTA;TINGO DE PONASA;1
220710;SAN MARTIN;PICOTA;TRES UNIDOS;4
220801;SAN MARTIN;RIOJA;RIOJA;27
220802;SAN MARTIN;RIOJA;AWAJUN;11
220803;SAN MARTIN;RIOJA;ELIAS SOPLIN VARGAS;15
220804;SAN MARTIN;RIOJA;NUEVA CAJAMARCA;62
220805;SAN MARTIN;RIOJA;PARDO MIGUEL;14
220806;SAN MARTIN;RIOJA;POSIC;3
220807;SAN MARTIN;RIOJA;SAN FERNANDO;8
220808;SAN MARTIN;RIOJA;YORONGOS;6
220809;SAN MARTIN;RIOJA;YURACYACU;4
220901;SAN MARTIN;SAN MARTIN;TARAPOTO;70
220902;SAN MARTIN;SAN MARTIN;ALBERTO LEVEAU;3
220903;SAN MARTIN;SAN MARTIN;CACATACHI;9
220904;SAN MARTIN;SAN MARTIN;CHAZUTA;5
220905;SAN MARTIN;SAN MARTIN;CHIPURANA;2
220906;SAN MARTIN;SAN MARTIN;EL PORVENIR;0
220907;SAN MARTIN;SAN MARTIN;HUIMBAYOC;3
220908;SAN MARTIN;SAN MARTIN;JUAN GUERRA;0
220909;SAN MARTIN;SAN MARTIN;LA BANDA DE SHILCAYO;28
220910;SAN MARTIN;SAN MARTIN;MORALES;48
220911;SAN MARTIN;SAN MARTIN;PAPAPLAYA;0
220912;SAN MARTIN;SAN MARTIN;SAN ANTONIO;4
220913;SAN MARTIN;SAN MARTIN;SAUCE;6
220914;SAN MARTIN;SAN MARTIN;SHAPAJA;2
221001;SAN MARTIN;TOCACHE;TOCACHE;21
221002;SAN MARTIN;TOCACHE;NUEVO PROGRESO;6
221003;SAN MARTIN;TOCACHE;POLVORA;5
221004;SAN MARTIN;TOCACHE;SHUNTE;1
221005;SAN MARTIN;TOCACHE;UCHIZA;10
230101;TACNA;TACNA;TACNA;238
230102;TACNA;TACNA;ALTO DE LA ALIANZA;38
230103;TACNA;TACNA;CALANA;10
230104;TACNA;TACNA;CIUDAD NUEVA;99
230105;TACNA;TACNA;INCLAN;19
230106;TACNA;TACNA;PACHIA;19
230107;TACNA;TACNA;PALCA;18
230108;TACNA;TACNA;POCOLLAY;42
230109;TACNA;TACNA;SAMA;3
230110;TACNA;TACNA;CORONEL GREGORIO ALBARRACIN LANCHIPA;79
230201;TACNA;CANDARAVE;CANDARAVE;35
230202;TACNA;CANDARAVE;CAIRANI;9
230203;TACNA;CANDARAVE;CAMILACA;0
230204;TACNA;CANDARAVE;CURIBAYA;6
230205;TACNA;CANDARAVE;HUANUARA;6
230206;TACNA;CANDARAVE;QUILAHUANI;1
230301;TACNA;JORGE BASADRE;LOCUMBA;75
230302;TACNA;JORGE BASADRE;ILABAYA;137
230303;TACNA;JORGE BASADRE;ITE;56
230401;TACNA;TARATA;TARATA;3
230402;TACNA;TARATA;HEROES ALBARRACIN;0
230403;TACNA;TARATA;ESTIQUE;4
230404;TACNA;TARATA;ESTIQUE-PAMPA;4
230405;TACNA;TARATA;SITAJARA;2
230406;TACNA;TARATA;SUSAPAYA;3
230407;TACNA;TARATA;TARUCACHI;0
230408;TACNA;TARATA;TICACO;12
240101;TUMBES;TUMBES;TUMBES;18
240102;TUMBES;TUMBES;CORRALES;12
240103;TUMBES;TUMBES;LA CRUZ;6
240104;TUMBES;TUMBES;PAMPAS DE HOSPITAL;6
240105;TUMBES;TUMBES;SAN JACINTO;13
240106;TUMBES;TUMBES;SAN JUAN DE LA VIRGEN;5
240201;TUMBES;CONTRALMIRANTE VILLAR;ZORRITOS;12
240202;TUMBES;CONTRALMIRANTE VILLAR;CASITAS;5
240203;TUMBES;CONTRALMIRANTE VILLAR;CANOAS DE PUNTA SAL;6
240301;TUMBES;ZARUMILLA;ZARUMILLA;7
240302;TUMBES;ZARUMILLA;AGUAS VERDES;10
240303;TUMBES;ZARUMILLA;MATAPALO;5
240304;TUMBES;ZARUMILLA;PAPAYAL;0
250101;UCAYALI;CORONEL PORTILLO;CALLERIA;249
250102;UCAYALI;CORONEL PORTILLO;CAMPOVERDE;6
250103;UCAYALI;CORONEL PORTILLO;IPARIA;0
250104;UCAYALI;CORONEL PORTILLO;MASISEA;9
250105;UCAYALI;CORONEL PORTILLO;YARINACOCHA;11
250106;UCAYALI;CORONEL PORTILLO;NUEVA REQUENA;9
250107;UCAYALI;CORONEL PORTILLO;MANANTAY;26
250201;UCAYALI;ATALAYA;RAYMONDI;16
250202;UCAYALI;ATALAYA;SEPAHUA;16
250203;UCAYALI;ATALAYA;TAHUANIA;10
250204;UCAYALI;ATALAYA;YURUA;2
250301;UCAYALI;PADRE ABAD;PADRE ABAD;4
250302;UCAYALI;PADRE ABAD;IRAZOLA;22
250303;UCAYALI;PADRE ABAD;CURIMANA;18
250401;UCAYALI;PURUS;PURUS;2
