UBIGEO,COD_DEP,nombdep,COD_PROV,nombprov,COD_DIST,nombdist,HOM_2015,HOM_2016,HOM_2017
010101,01,AMAZONAS,01,CHACHAPOYAS,01,CHACHAPOYAS,4,4,1
010110,01,AMAZONAS,01,CHACHAPOYAS,10,LEIMEBAMBA,3, , 
010114,01,AMAZONAS,01,CHACHAPOYAS,14,MOLINOPAMPA, , ,8
010201,01,AMAZONAS,02,BAGUA,01,BAGUA,1,2, 
010202,01,AMAZONAS,02,BAGUA,02,ARAMANGO, ,1, 
010203,01,AMAZONAS,02,BAGUA,03,COPALLIN, , ,1
010205,01,AMAZONAS,02,BAGUA,05,IMAZA,3,4,2
010206,01,AMAZONAS,02,BAGUA,06,LA PECA, , ,8
010305,01,AMAZONAS,03,BONGARA,05,CUISPES,1, , 
010306,01,AMAZONAS,03,BONGARA,06,FLORIDA,1, , 
010311,01,AMAZONAS,03,BONGARA,11,VALERA, , ,1
010312,01,AMAZONAS,03,BONGARA,12,YAMBRASBAMBA,1,3, 
010401,01,AMAZONAS,04,CONDORCANQUI,01,NIEVA,3,2, 
010402,01,AMAZONAS,04,CONDORCANQUI,02,EL CENEPA, , ,1
010502,01,AMAZONAS,05,LUYA,02,CAMPORREDONDO,1,1, 
010504,01,AMAZONAS,05,LUYA,04,COLCAMAR, , ,1
010507,01,AMAZONAS,05,LUYA,07,LONGUITA, , ,2
010513,01,AMAZONAS,05,LUYA,13,OCUMAL,2, , 
010514,01,AMAZONAS,05,LUYA,14,PISUQUIA, ,1, 
010601,01,AMAZONAS,06,RODRIGUEZ DE MENDOZA,01,SAN NICOLAS, ,3, 
010606,01,AMAZONAS,06,RODRIGUEZ DE MENDOZA,06,LONGAR,1, , 
010609,01,AMAZONAS,06,RODRIGUEZ DE MENDOZA,09,OMIA,1, ,1
010701,01,AMAZONAS,07,UTCUBAMBA,01,BAGUA GRANDE,8,6,1
010702,01,AMAZONAS,07,UTCUBAMBA,02,CAJARURO,3,1,14
010705,01,AMAZONAS,07,UTCUBAMBA,05,JAMALCA,1, ,1
020101,02,ANCASH,01,HUARAZ,01,HUARAZ,20, ,14
020105,02,ANCASH,01,HUARAZ,05,INDEPENDENCIA,2,1,4
020109,02,ANCASH,01,HUARAZ,09,PAMPAS GRANDE, , ,3
020111,02,ANCASH,01,HUARAZ,11,PIRA,2,1, 
020303,02,ANCASH,03,ANTONIO RAYMONDI,03,CHACCHO,1, , 
020505,02,ANCASH,05,BOLOGNESI,05,CAJACAY, , ,1
020510,02,ANCASH,05,BOLOGNESI,10,HUAYLLACAYAN, , ,2
020606,02,ANCASH,06,CARHUAZ,06,MARCARA, , ,2
020701,02,ANCASH,07,CARLOS FERMIN FITZCARRALD,01,SAN LUIS, , ,1
020801,02,ANCASH,08,CASMA,01,CASMA,4,3,1
020804,02,ANCASH,08,CASMA,04,YAUTAN,1, , 
020901,02,ANCASH,09,CORONGO,01,CORONGO, ,1, 
020906,02,ANCASH,09,CORONGO,06,YANAC, , ,1
021003,02,ANCASH,10,HUARI,03,CAJAY, ,1, 
021014,02,ANCASH,10,HUARI,14,SAN MARCOS, ,1,1
021016,02,ANCASH,10,HUARI,16,UCO, ,1, 
021101,02,ANCASH,11,HUARMEY,01,HUARMEY,2,1, 
021201,02,ANCASH,12,HUAYLAS,01,CARAZ,1, , 
021408,02,ANCASH,14,OCROS,08,SAN CRISTOBAL DE RAJAN,1, , 
021503,02,ANCASH,15,PALLASCA,03,CONCHUCOS,1, , 
021509,02,ANCASH,15,PALLASCA,09,PAMPAS, ,1, 
021511,02,ANCASH,15,PALLASCA,11,TAUCA,1, , 
021601,02,ANCASH,16,POMABAMBA,01,POMABAMBA, ,1, 
021702,02,ANCASH,17,RECUAY,02,CATAC,1,22, 
021801,02,ANCASH,18,SANTA,01,CHIMBOTE,27,41,4
021803,02,ANCASH,18,SANTA,03,COISHCO,8, ,1
021805,02,ANCASH,18,SANTA,05,MORO,2, , 
021806,02,ANCASH,18,SANTA,06,NEPE+æA,2,1, 
021808,02,ANCASH,18,SANTA,08,SANTA,2,1,1
021809,02,ANCASH,18,SANTA,09,NUEVO CHIMBOTE,8, ,21
021901,02,ANCASH,19,SIHUAS,01,SIHUAS, , ,1
021910,02,ANCASH,19,SIHUAS,10,SICSIBAMBA,1, , 
022001,02,ANCASH,20,YUNGAY,01,YUNGAY, ,3, 
022003,02,ANCASH,20,YUNGAY,03,MANCOS, ,1,1
022005,02,ANCASH,20,YUNGAY,05,QUILLO, ,3, 
022008,02,ANCASH,20,YUNGAY,08,YANAMA, ,1, 
030101,03,APURIMAC,01,ABANCAY,01,ABANCAY,7,21,4
030102,03,APURIMAC,01,ABANCAY,02,CHACOCHE,1, , 
030104,03,APURIMAC,01,ABANCAY,04,CURAHUASI, ,3, 
030105,03,APURIMAC,01,ABANCAY,05,HUANIPACA,2, , 
030109,03,APURIMAC,01,ABANCAY,09,TAMBURCO,1,3, 
030201,03,APURIMAC,02,ANDAHUAYLAS,01,ANDAHUAYLAS,3,2, 
030204,03,APURIMAC,02,ANDAHUAYLAS,04,HUANCARAMA, ,1, 
030207,03,APURIMAC,02,ANDAHUAYLAS,07,KISHUARA, , ,6
030213,03,APURIMAC,02,ANDAHUAYLAS,13,SAN JERONIMO,3,1, 
030216,03,APURIMAC,02,ANDAHUAYLAS,16,TALAVERA, ,1, 
030306,03,APURIMAC,03,ANTABAMBA,06,PACHACONAS, , ,1
030401,03,APURIMAC,04,AYMARAES,01,CHALHUANCA, ,2,3
030501,03,APURIMAC,05,COTABAMBAS,01,TAMBOBAMBA, ,3,1
030503,03,APURIMAC,05,COTABAMBAS,03,COYLLURQUI, , ,1
030506,03,APURIMAC,05,COTABAMBAS,06,CHALLHUAHUACHO, , ,1
030602,03,APURIMAC,06,CHINCHEROS,02,ANCO_HUALLO,1,1, 
030604,03,APURIMAC,06,CHINCHEROS,04,HUACCANA, ,1, 
040101,04,AREQUIPA,01,AREQUIPA,01,AREQUIPA,11,8,5
040102,04,AREQUIPA,01,AREQUIPA,02,ALTO SELVA ALEGRE,7, ,1
040103,04,AREQUIPA,01,AREQUIPA,03,CAYMA,3,31,3
040104,04,AREQUIPA,01,AREQUIPA,04,CERRO COLORADO,13,1,3
040105,04,AREQUIPA,01,AREQUIPA,05,CHARACATO,1,1, 
040107,04,AREQUIPA,01,AREQUIPA,07,JACOBO HUNTER,1, , 
040108,04,AREQUIPA,01,AREQUIPA,08,LA JOYA,3, , 
040109,04,AREQUIPA,01,AREQUIPA,09,MARIANO MELGAR,3,1,2
040110,04,AREQUIPA,01,AREQUIPA,10,MIRAFLORES,2, ,1
040112,04,AREQUIPA,01,AREQUIPA,12,PAUCARPATA,4,2,46
040116,04,AREQUIPA,01,AREQUIPA,16,SABANDIA, , ,1
040122,04,AREQUIPA,01,AREQUIPA,22,SOCABAYA, , ,2
040123,04,AREQUIPA,01,AREQUIPA,23,TIABAYA,1, ,1
040124,04,AREQUIPA,01,AREQUIPA,24,UCHUMAYO,1, ,2
040125,04,AREQUIPA,01,AREQUIPA,25,VITOR,1, , 
040126,04,AREQUIPA,01,AREQUIPA,26,YANAHUARA,1,1, 
040128,04,AREQUIPA,01,AREQUIPA,28,YURA,1, ,2
040129,04,AREQUIPA,01,AREQUIPA,29,JOSE LUIS BUSTAMANTE Y RIVERO,4,2, 
040201,04,AREQUIPA,02,CAMANA,01,CAMANA, ,3, 
040203,04,AREQUIPA,02,CAMANA,03,MARIANO NICOLAS VALCARCEL,2, , 
040206,04,AREQUIPA,02,CAMANA,06,OCO+æA, ,1, 
040208,04,AREQUIPA,02,CAMANA,08,SAMUEL PASTOR, , ,3
040301,04,AREQUIPA,03,CARAVELI,01,CARAVELI, ,1,2
040302,04,AREQUIPA,03,CARAVELI,02,ACARI,1, , 
040303,04,AREQUIPA,03,CARAVELI,03,ATICO, ,1, 
040304,04,AREQUIPA,03,CARAVELI,04,ATIQUIPA,1, , 
040307,04,AREQUIPA,03,CARAVELI,07,CHALA,1, , 
040401,04,AREQUIPA,04,CASTILLA,01,APLAO,2, , 
040402,04,AREQUIPA,04,CASTILLA,02,ANDAGUA,1, , 
040408,04,AREQUIPA,04,CASTILLA,08,MACHAGUAY,1, , 
040409,04,AREQUIPA,04,CASTILLA,09,ORCOPAMPA, ,1,1
040503,04,AREQUIPA,05,CAYLLOMA,03,CABANACONDE, , ,1
040505,04,AREQUIPA,05,CAYLLOMA,05,CAYLLOMA, ,1, 
040518,04,AREQUIPA,05,CAYLLOMA,18,TUTI, , ,1
040520,04,AREQUIPA,05,CAYLLOMA,20,MAJES,2,2,2
040606,04,AREQUIPA,06,CONDESUYOS,06,RIO GRANDE,2, , 
040607,04,AREQUIPA,06,CONDESUYOS,07,SALAMANCA,1, , 
040701,04,AREQUIPA,07,ISLAY,01,MOLLENDO,1, , 
040706,04,AREQUIPA,07,ISLAY,06,PUNTA DE BOMBON, ,1, 
040802,04,AREQUIPA,08,LA UNION,02,ALCA, ,1, 
050101,05,AYACUCHO,01,HUAMANGA,01,AYACUCHO,13,26,1
050104,05,AYACUCHO,01,HUAMANGA,04,CARMEN ALTO,1, ,1
050106,05,AYACUCHO,01,HUAMANGA,06,OCROS, ,1,1
050108,05,AYACUCHO,01,HUAMANGA,08,QUINUA,1, , 
050110,05,AYACUCHO,01,HUAMANGA,10,SAN JUAN BAUTISTA,4,2,23
050111,05,AYACUCHO,01,HUAMANGA,11,SANTIAGO DE PISCHA,1, , 
050114,05,AYACUCHO,01,HUAMANGA,14,VINCHOS,2, , 
050115,05,AYACUCHO,01,HUAMANGA,15,JESUS NAZARENO,1, , 
050201,05,AYACUCHO,02,CANGALLO,01,CANGALLO, ,3,3
050203,05,AYACUCHO,02,CANGALLO,03,LOS MOROCHUCOS, , ,1
050301,05,AYACUCHO,03,HUANCA SANCOS,01,SANCOS,1, , 
050401,05,AYACUCHO,04,HUANTA,01,HUANTA,4,6,6
050402,05,AYACUCHO,04,HUANTA,02,AYAHUANCO,2, , 
050405,05,AYACUCHO,04,HUANTA,05,LURICOCHA, , ,1
050407,05,AYACUCHO,04,HUANTA,07,SIVIA, ,1, 
050408,05,AYACUCHO,04,HUANTA,08,LLOCHEGUA,1, ,18
050501,05,AYACUCHO,05,LA MAR,01,SAN MIGUEL,2,4,4
050502,05,AYACUCHO,05,LA MAR,02,ANCO, , ,3
050503,05,AYACUCHO,05,LA MAR,03,AYNA,1, , 
050505,05,AYACUCHO,05,LA MAR,05,CHUNGUI,5, , 
050507,05,AYACUCHO,05,LA MAR,07,SANTA ROSA,1, ,1
050508,05,AYACUCHO,05,LA MAR,08,TAMBO,3,3,2
050509,05,AYACUCHO,05,LA MAR,09,SAMUGARI,1,18, 
050601,05,AYACUCHO,06,LUCANAS,01,PUQUIO,1,1, 
050603,05,AYACUCHO,06,LUCANAS,03,CABANA, , ,1
050605,05,AYACUCHO,06,LUCANAS,05,CHAVI+æA,1, , 
050613,05,AYACUCHO,06,LUCANAS,13,OTOCA, , ,2
050619,05,AYACUCHO,06,LUCANAS,19,SANCOS, , ,1
050701,05,AYACUCHO,07,PARINACOCHAS,01,CORACORA,2, ,1
050906,05,AYACUCHO,09,SUCRE,06,MORCOLLA,1, , 
051001,05,AYACUCHO,10,VICTOR FAJARDO,01,HUANCAPI, ,1, 
051005,05,AYACUCHO,10,VICTOR FAJARDO,05,CANARIA,1,1, 
051101,05,AYACUCHO,11,VILCAS HUAMAN,01,VILCAS HUAMAN,1,1, 
051103,05,AYACUCHO,11,VILCAS HUAMAN,03,CARHUANCA, , ,3
060101,06,CAJAMARCA,01,CAJAMARCA,01,CAJAMARCA,21,6,18
060102,06,CAJAMARCA,01,CAJAMARCA,02,ASUNCION, ,1, 
060104,06,CAJAMARCA,01,CAJAMARCA,04,COSPAN,2,1, 
060105,06,CAJAMARCA,01,CAJAMARCA,05,ENCA+æADA,1, , 
060106,06,CAJAMARCA,01,CAJAMARCA,06,JESUS,1, , 
060108,06,CAJAMARCA,01,CAJAMARCA,08,LOS BA+æOS DEL INCA,2, ,2
060111,06,CAJAMARCA,01,CAJAMARCA,11,NAMORA,1, , 
060201,06,CAJAMARCA,02,CAJABAMBA,01,CAJABAMBA,1,3,2
060202,06,CAJAMARCA,02,CAJABAMBA,02,CACHACHI, ,1, 
060204,06,CAJAMARCA,02,CAJABAMBA,04,SITACOCHA,1, , 
060301,06,CAJAMARCA,03,CELENDIN,01,CELENDIN,3, ,1
060303,06,CAJAMARCA,03,CELENDIN,03,CORTEGANA,2,1, 
060304,06,CAJAMARCA,03,CELENDIN,04,HUASMIN,2,1, 
060307,06,CAJAMARCA,03,CELENDIN,07,MIGUEL IGLESIAS, ,1, 
060308,06,CAJAMARCA,03,CELENDIN,08,OXAMARCA,1, , 
060309,06,CAJAMARCA,03,CELENDIN,09,SOROCHUCO, ,1, 
060310,06,CAJAMARCA,03,CELENDIN,10,SUCRE,1, ,1
060401,06,CAJAMARCA,04,CHOTA,01,CHOTA,2,3,4
060405,06,CAJAMARCA,04,CHOTA,05,CHIMBAN, ,1, 
060410,06,CAJAMARCA,04,CHOTA,10,LAJAS, ,2, 
060413,06,CAJAMARCA,04,CHOTA,13,PACCHA,3, ,3
060414,06,CAJAMARCA,04,CHOTA,14,PION, , ,2
060415,06,CAJAMARCA,04,CHOTA,15,QUEROCOTO, , ,2
060419,06,CAJAMARCA,04,CHOTA,19,CHALAMARCA, ,1, 
060501,06,CAJAMARCA,05,CONTUMAZA,01,CONTUMAZA,3, , 
060502,06,CAJAMARCA,05,CONTUMAZA,02,CHILETE,5, , 
060504,06,CAJAMARCA,05,CONTUMAZA,04,GUZMANGO, ,1, 
060505,06,CAJAMARCA,05,CONTUMAZA,05,SAN BENITO,1, , 
060508,06,CAJAMARCA,05,CONTUMAZA,08,YONAN,1, , 
060601,06,CAJAMARCA,06,CUTERVO,01,CUTERVO,7,8,3
060602,06,CAJAMARCA,06,CUTERVO,02,CALLAYUC,3,3,2
060603,06,CAJAMARCA,06,CUTERVO,03,CHOROS, ,2, 
060604,06,CAJAMARCA,06,CUTERVO,04,CUJILLO,1, , 
060606,06,CAJAMARCA,06,CUTERVO,06,PIMPINGOS, ,2, 
060607,06,CAJAMARCA,06,CUTERVO,07,QUEROCOTILLO,2,3,5
060608,06,CAJAMARCA,06,CUTERVO,08,SAN ANDRES DE CUTERVO, ,1,2
060609,06,CAJAMARCA,06,CUTERVO,09,SAN JUAN DE CUTERVO,1,2, 
060611,06,CAJAMARCA,06,CUTERVO,11,SANTA CRUZ, , ,1
060612,06,CAJAMARCA,06,CUTERVO,12,SANTO DOMINGO DE LA CAPILLA, , ,1
060613,06,CAJAMARCA,06,CUTERVO,13,SANTO TOMAS, , ,1
060701,06,CAJAMARCA,07,HUALGAYOC,01,BAMBAMARCA,1,1,6
060703,06,CAJAMARCA,07,HUALGAYOC,03,HUALGAYOC,1, , 
060801,06,CAJAMARCA,08,JAEN,01,JAEN,13,3,13
060802,06,CAJAMARCA,08,JAEN,02,BELLAVISTA,4,2, 
060803,06,CAJAMARCA,08,JAEN,03,CHONTALI,1, ,1
060804,06,CAJAMARCA,08,JAEN,04,COLASAY,2,1, 
060805,06,CAJAMARCA,08,JAEN,05,HUABAL, ,2, 
060807,06,CAJAMARCA,08,JAEN,07,POMAHUACA, ,2, 
060808,06,CAJAMARCA,08,JAEN,08,PUCARA,4, , 
060809,06,CAJAMARCA,08,JAEN,09,SALLIQUE,1,2, 
060810,06,CAJAMARCA,08,JAEN,10,SAN FELIPE, ,1, 
060811,06,CAJAMARCA,08,JAEN,11,SAN JOSE DEL ALTO,1, , 
060812,06,CAJAMARCA,08,JAEN,12,SANTA ROSA,1, , 
060901,06,CAJAMARCA,09,SAN IGNACIO,01,SAN IGNACIO, ,1,2
060902,06,CAJAMARCA,09,SAN IGNACIO,02,CHIRINOS, ,1, 
060903,06,CAJAMARCA,09,SAN IGNACIO,03,HUARANGO,3,3, 
060905,06,CAJAMARCA,09,SAN IGNACIO,05,NAMBALLE,1,1,2
060906,06,CAJAMARCA,09,SAN IGNACIO,06,SAN JOSE DE LOURDES,1,1,1
060907,06,CAJAMARCA,09,SAN IGNACIO,07,TABACONAS, , ,3
061001,06,CAJAMARCA,10,SAN MARCOS,01,PEDRO GALVEZ, ,1, 
061005,06,CAJAMARCA,10,SAN MARCOS,05,ICHOCAN, ,2, 
061101,06,CAJAMARCA,11,SAN MIGUEL,01,SAN MIGUEL, , ,4
061104,06,CAJAMARCA,11,SAN MIGUEL,04,CATILLUC, ,1, 
061105,06,CAJAMARCA,11,SAN MIGUEL,05,EL PRADO, , ,1
061109,06,CAJAMARCA,11,SAN MIGUEL,09,NIEPOS, ,1,1
061202,06,CAJAMARCA,12,SAN PABLO,02,SAN BERNARDINO,1, , 
061204,06,CAJAMARCA,12,SAN PABLO,04,TUMBADEN, ,20, 
061303,06,CAJAMARCA,13,SANTA CRUZ,03,CATACHE,1,1, 
061304,06,CAJAMARCA,13,SANTA CRUZ,04,CHANCAYBA+æOS, ,1, 
061307,06,CAJAMARCA,13,SANTA CRUZ,07,PULAN, ,1, 
070101,07,CALLAO,01,CALLAO,01,CALLAO,77,67,71
070102,07,CALLAO,01,CALLAO,02,BELLAVISTA,30,30,7
070103,07,CALLAO,01,CALLAO,03,CARMEN DE LA LEGUA REYNOSO,1, , 
070104,07,CALLAO,01,CALLAO,04,LA PERLA,4, ,10
070105,07,CALLAO,01,CALLAO,05,LA PUNTA,5, , 
070106,07,CALLAO,01,CALLAO,06,VENTANILLA,31,34,45
070107,07,CALLAO,01,CALLAO,07,MI PERU,6, ,4
080101,08,CUSCO,01,CUSCO,01,CUSCO,18,9,2
080104,08,CUSCO,01,CUSCO,04,SAN JERONIMO, , ,1
080105,08,CUSCO,01,CUSCO,05,SAN SEBASTIAN,6,9,44
080106,08,CUSCO,01,CUSCO,06,SANTIAGO,7,1,1
080107,08,CUSCO,01,CUSCO,07,SAYLLA,6, ,4
080108,08,CUSCO,01,CUSCO,08,WANCHAQ,7, ,3
080205,08,CUSCO,02,ACOMAYO,05,POMACANCHI,1, ,1
080301,08,CUSCO,03,ANTA,01,ANTA,3,2,1
080303,08,CUSCO,03,ANTA,03,CACHIMAYO,2, , 
080304,08,CUSCO,03,ANTA,04,CHINCHAYPUJIO,1, ,1
080305,08,CUSCO,03,ANTA,05,HUAROCONDO,1,1, 
080306,08,CUSCO,03,ANTA,06,LIMATAMBO,2,2,4
080308,08,CUSCO,03,ANTA,08,PUCYURA,1, , 
080401,08,CUSCO,04,CALCA,01,CALCA,2,4, 
080404,08,CUSCO,04,CALCA,04,LARES, ,1,1
080405,08,CUSCO,04,CALCA,05,PISAC,2,3, 
080501,08,CUSCO,05,CANAS,01,YANAOCA,1, ,1
080502,08,CUSCO,05,CANAS,02,CHECCA, , ,1
080601,08,CUSCO,06,CANCHIS,01,SICUANI,4,1,4
080603,08,CUSCO,06,CANCHIS,03,COMBAPATA,1, , 
080607,08,CUSCO,06,CANCHIS,07,SAN PEDRO, , ,1
080701,08,CUSCO,07,CHUMBIVILCAS,01,SANTO TOMAS,1, ,1
080704,08,CUSCO,07,CHUMBIVILCAS,04,COLQUEMARCA,1, , 
080705,08,CUSCO,07,CHUMBIVILCAS,05,LIVITACA, , ,1
080707,08,CUSCO,07,CHUMBIVILCAS,07,QUI+æOTA,1, , 
080708,08,CUSCO,07,CHUMBIVILCAS,08,VELILLE,4, ,3
080801,08,CUSCO,08,ESPINAR,01,ESPINAR,4,1,3
080808,08,CUSCO,08,ESPINAR,08,ALTO PICHIGUA,1, , 
080901,08,CUSCO,09,LA CONVENCION,01,SANTA ANA,6,7,9
080902,08,CUSCO,09,LA CONVENCION,02,ECHARATE,4,6,1
080904,08,CUSCO,09,LA CONVENCION,04,MARANURA, ,1,1
080906,08,CUSCO,09,LA CONVENCION,06,QUELLOUNO,2, , 
080907,08,CUSCO,09,LA CONVENCION,07,KIMBIRI,11, ,4
080908,08,CUSCO,09,LA CONVENCION,08,SANTA TERESA, , ,1
080910,08,CUSCO,09,LA CONVENCION,10,PICHARI,6,2,1
081001,08,CUSCO,10,PARURO,01,PARURO,1,2, 
081002,08,CUSCO,10,PARURO,02,ACCHA, , ,2
081101,08,CUSCO,11,PAUCARTAMBO,01,PAUCARTAMBO, ,1, 
081201,08,CUSCO,12,QUISPICANCHI,01,URCOS,1,30,3
081203,08,CUSCO,12,QUISPICANCHI,03,CAMANTI,2, , 
081205,08,CUSCO,12,QUISPICANCHI,05,CCATCA,1, , 
081207,08,CUSCO,12,QUISPICANCHI,07,HUARO, ,1,2
081209,08,CUSCO,12,QUISPICANCHI,09,MARCAPATA,1,2,1
081210,08,CUSCO,12,QUISPICANCHI,10,OCONGATE,1,2,2
081212,08,CUSCO,12,QUISPICANCHI,12,QUIQUIJANA, , ,1
081302,08,CUSCO,13,URUBAMBA,02,CHINCHERO,1, , 
081303,08,CUSCO,13,URUBAMBA,03,HUAYLLABAMBA, , ,4
081305,08,CUSCO,13,URUBAMBA,05,MARAS, ,2, 
081306,08,CUSCO,13,URUBAMBA,06,OLLANTAYTAMBO,1,2,1
090101,09,HUANCAVELICA,01,HUANCAVELICA,01,HUANCAVELICA,6, ,2
090103,09,HUANCAVELICA,01,HUANCAVELICA,03,ACORIA,1, , 
090106,09,HUANCAVELICA,01,HUANCAVELICA,06,HUACHOCOLPA, ,1, 
090108,09,HUANCAVELICA,01,HUANCAVELICA,08,IZCUCHACA, ,1, 
090115,09,HUANCAVELICA,01,HUANCAVELICA,15,PILCHACA,1, , 
090117,09,HUANCAVELICA,01,HUANCAVELICA,17,YAULI,4, ,2
090118,09,HUANCAVELICA,01,HUANCAVELICA,18,ASCENSION, ,13,12
090119,09,HUANCAVELICA,01,HUANCAVELICA,19,HUANDO,1, ,1
090201,09,HUANCAVELICA,02,ACOBAMBA,01,ACOBAMBA,1, , 
090206,09,HUANCAVELICA,02,ACOBAMBA,06,PAUCARA, , ,1
090207,09,HUANCAVELICA,02,ACOBAMBA,07,POMACOCHA, ,1, 
090301,09,HUANCAVELICA,03,ANGARAES,01,LIRCAY, , ,2
090302,09,HUANCAVELICA,03,ANGARAES,02,ANCHONGA,1, , 
090312,09,HUANCAVELICA,03,ANGARAES,12,SECCLLA, ,5, 
090401,09,HUANCAVELICA,04,CASTROVIRREYNA,01,CASTROVIRREYNA, ,2, 
090402,09,HUANCAVELICA,04,CASTROVIRREYNA,02,ARMA, ,1, 
090501,09,HUANCAVELICA,05,CHURCAMPA,01,CHURCAMPA, ,4, 
090502,09,HUANCAVELICA,05,CHURCAMPA,02,ANCO,1,1,1
090509,09,HUANCAVELICA,05,CHURCAMPA,09,SAN PEDRO DE CORIS,1,1, 
090601,09,HUANCAVELICA,06,HUAYTARA,01,HUAYTARA,1, , 
090603,09,HUANCAVELICA,06,HUAYTARA,03,CORDOVA, ,1, 
090704,09,HUANCAVELICA,07,TAYACAJA,04,AHUAYCHA, ,1, 
090705,09,HUANCAVELICA,07,TAYACAJA,05,COLCABAMBA,2,2, 
090707,09,HUANCAVELICA,07,TAYACAJA,07,HUACHOCOLPA, , ,1
090711,09,HUANCAVELICA,07,TAYACAJA,11,PAZOS,1, , 
090717,09,HUANCAVELICA,07,TAYACAJA,17,SURCUBAMBA,2,1, 
090718,09,HUANCAVELICA,07,TAYACAJA,18,TINTAY PUNCU,1, , 
090722,09,HUANCAVELICA,07,TAYACAJA,22,PICHOS, , ,1
100101,10,HUANUCO,01,HUANUCO,01,HUANUCO,14,6,6
100102,10,HUANUCO,01,HUANUCO,02,AMARILIS,16,28,3
100103,10,HUANUCO,01,HUANUCO,03,CHINCHAO,5,2,3
100104,10,HUANUCO,01,HUANUCO,04,CHURUBAMBA,1, , 
100105,10,HUANUCO,01,HUANUCO,05,MARGOS,6,2, 
100108,10,HUANUCO,01,HUANUCO,08,SAN PEDRO DE CHAULAN,1, , 
100109,10,HUANUCO,01,HUANUCO,09,SANTA MARIA DEL VALLE, ,1, 
100111,10,HUANUCO,01,HUANUCO,11,PILLCO MARCA,4,4,2
100112,10,HUANUCO,01,HUANUCO,12,YACUS,2, , 
100201,10,HUANUCO,02,AMBO,01,AMBO,1,3, 
100202,10,HUANUCO,02,AMBO,02,CAYNA, ,1, 
100205,10,HUANUCO,02,AMBO,05,HUACAR, ,7,1
100207,10,HUANUCO,02,AMBO,07,SAN RAFAEL, ,1, 
100208,10,HUANUCO,02,AMBO,08,TOMAY KICHWA, , ,1
100301,10,HUANUCO,03,DOS DE MAYO,01,LA UNION,1, , 
100311,10,HUANUCO,03,DOS DE MAYO,11,MARIAS, , ,4
100401,10,HUANUCO,04,HUACAYBAMBA,01,HUACAYBAMBA, , ,1
100404,10,HUANUCO,04,HUACAYBAMBA,04,PINRA,1, , 
100501,10,HUANUCO,05,HUAMALIES,01,LLATA,1, , 
100504,10,HUANUCO,05,HUAMALIES,04,JACAS GRANDE, ,10,1
100507,10,HUANUCO,05,HUAMALIES,07,MONZON,1,2,1
100508,10,HUANUCO,05,HUAMALIES,08,PUNCHAO,1, , 
100509,10,HUANUCO,05,HUAMALIES,09,PU+æOS,1, , 
100601,10,HUANUCO,06,LEONCIO PRADO,01,RUPA-RUPA,9, , 
100604,10,HUANUCO,06,LEONCIO PRADO,04,JOSE CRESPO Y CASTILLO, ,7,5
100605,10,HUANUCO,06,LEONCIO PRADO,05,LUYANDO, ,7,7
100606,10,HUANUCO,06,LEONCIO PRADO,06,MARIANO DAMASO BERAUN,1,1, 
100609,10,HUANUCO,06,LEONCIO PRADO,09,PUEBLO NUEVO, , ,1
100701,10,HUANUCO,07,MARA+æON,01,HUACRACHUCO,4,3, 
100702,10,HUANUCO,07,MARA+æON,02,CHOLON, , ,1
100705,10,HUANUCO,07,MARA+æON,05,SANTA ROSA DE ALTO YANAJANCA, , ,1
100801,10,HUANUCO,08,PACHITEA,01,PANAO, ,6, 
100802,10,HUANUCO,08,PACHITEA,02,CHAGLLA,1, ,17
100803,10,HUANUCO,08,PACHITEA,03,MOLINO,4, ,1
100804,10,HUANUCO,08,PACHITEA,04,UMARI,1, , 
100901,10,HUANUCO,09,PUERTO INCA,01,PUERTO INCA,4,7,5
100902,10,HUANUCO,09,PUERTO INCA,02,CODO DEL POZUZO, , ,1
100903,10,HUANUCO,09,PUERTO INCA,03,HONORIA, ,2, 
100905,10,HUANUCO,09,PUERTO INCA,05,YUYAPICHIS,1, ,3
101001,10,HUANUCO,10,LAURICOCHA,01,JESUS,2, , 
101002,10,HUANUCO,10,LAURICOCHA,02,BA+æOS, ,1, 
101005,10,HUANUCO,10,LAURICOCHA,05,RONDOS, , ,4
101007,10,HUANUCO,10,LAURICOCHA,07,SAN MIGUEL DE CAURI,1, ,2
101101,10,HUANUCO,11,YAROWILCA,01,CHAVINILLO, ,2, 
101106,10,HUANUCO,11,YAROWILCA,06,OBAS,1, , 
110101,11,ICA,01,ICA,01,ICA,11,2, 
110102,11,ICA,01,ICA,02,LA TINGUI+æA,2, , 
110104,11,ICA,01,ICA,04,OCUCAJE,1, , 
110105,11,ICA,01,ICA,05,PACHACUTEC, ,1, 
110106,11,ICA,01,ICA,06,PARCONA,1,19,3
110107,11,ICA,01,ICA,07,PUEBLO NUEVO, ,1,1
110108,11,ICA,01,ICA,08,SALAS,2, , 
110109,11,ICA,01,ICA,09,SAN JOSE DE LOS MOLINOS, ,2, 
110111,11,ICA,01,ICA,11,SANTIAGO,1, , 
110112,11,ICA,01,ICA,12,SUBTANJALLA,2, ,3
110113,11,ICA,01,ICA,13,TATE,1, , 
110201,11,ICA,02,CHINCHA,01,CHINCHA ALTA,6, ,1
110204,11,ICA,02,CHINCHA,04,CHINCHA BAJA, , ,2
110206,11,ICA,02,CHINCHA,06,GROCIO PRADO, ,9,1
110207,11,ICA,02,CHINCHA,07,PUEBLO NUEVO,4, ,9
110210,11,ICA,02,CHINCHA,10,SUNAMPE, ,1, 
110301,11,ICA,03,NASCA,01,NASCA, ,5,5
110304,11,ICA,03,NASCA,04,MARCONA,1,1,2
110305,11,ICA,03,NASCA,05,VISTA ALEGRE,1,4,13
110404,11,ICA,04,PALPA,04,SANTA CRUZ,1, , 
110501,11,ICA,05,PISCO,01,PISCO,13,1, 
110503,11,ICA,05,PISCO,03,HUMAY,2, , 
110504,11,ICA,05,PISCO,04,INDEPENDENCIA,2, , 
110505,11,ICA,05,PISCO,05,PARACAS,1, , 
110506,11,ICA,05,PISCO,06,SAN ANDRES,3, ,16
110507,11,ICA,05,PISCO,07,SAN CLEMENTE,8,25,2
110508,11,ICA,05,PISCO,08,TUPAC AMARU INCA,2,5,1
120101,12,JUNIN,01,HUANCAYO,01,HUANCAYO,11,3,5
120107,12,JUNIN,01,HUANCAYO,07,CHILCA,1,2,3
120108,12,JUNIN,01,HUANCAYO,08,CHONGOS ALTO, ,1, 
120113,12,JUNIN,01,HUANCAYO,13,CULLHUAS, ,3, 
120114,12,JUNIN,01,HUANCAYO,14,EL TAMBO,13,5,4
120119,12,JUNIN,01,HUANCAYO,19,HUANCAN,1, , 
120121,12,JUNIN,01,HUANCAYO,21,HUAYUCACHI, , ,1
120127,12,JUNIN,01,HUANCAYO,27,QUICHUAY, ,1, 
120130,12,JUNIN,01,HUANCAYO,30,SAN JERONIMO DE TUNAN, ,24, 
120133,12,JUNIN,01,HUANCAYO,33,SAPALLANGA, , ,1
120134,12,JUNIN,01,HUANCAYO,34,SICAYA, ,1, 
120135,12,JUNIN,01,HUANCAYO,35,SANTO DOMINGO DE ACOBAMBA,2, , 
120136,12,JUNIN,01,HUANCAYO,36,VIQUES, ,1, 
120201,12,JUNIN,02,CONCEPCION,01,CONCEPCION, ,1, 
120202,12,JUNIN,02,CONCEPCION,02,ACO, ,1, 
120203,12,JUNIN,02,CONCEPCION,03,ANDAMARCA, , ,2
120206,12,JUNIN,02,CONCEPCION,06,COMAS,1,1, 
120301,12,JUNIN,03,CHANCHAMAYO,01,CHANCHAMAYO,2,1,1
120302,12,JUNIN,03,CHANCHAMAYO,02,PERENE,2, ,4
120303,12,JUNIN,03,CHANCHAMAYO,03,PICHANAQUI,5,10,9
120304,12,JUNIN,03,CHANCHAMAYO,04,SAN LUIS DE SHUARO,2, , 
120305,12,JUNIN,03,CHANCHAMAYO,05,SAN RAMON, ,1,3
120401,12,JUNIN,04,JAUJA,01,JAUJA, ,2,31
120402,12,JUNIN,04,JAUJA,02,ACOLLA, , ,1
120403,12,JUNIN,04,JAUJA,03,APATA, , ,1
120434,12,JUNIN,04,JAUJA,34,YAUYOS, , ,5
120501,12,JUNIN,05,JUNIN,01,JUNIN,1,2, 
120502,12,JUNIN,05,JUNIN,02,CARHUAMAYO,1,1, 
120504,12,JUNIN,05,JUNIN,04,ULCUMAYO, ,2, 
120601,12,JUNIN,06,SATIPO,01,SATIPO,6,12,13
120604,12, ,06, ,04, ,2,9,8
120606,12, ,06, ,06, ,6,11,8
120608,12,JUNIN,06,SATIPO,08,RIO TAMBO,1, , 
120701,12,JUNIN,07,TARMA,01,TARMA, ,2,2
120702,12,JUNIN,07,TARMA,02,ACOBAMBA, ,3, 
120704,12,JUNIN,07,TARMA,04,HUASAHUASI,2,1, 
120706,12,JUNIN,07,TARMA,06,PALCA, ,1, 
120801,12,JUNIN,08,YAULI,01,LA OROYA,2,3,1
120903,12,JUNIN,09,CHUPACA,03,CHONGOS BAJO, ,3, 
120909,12,JUNIN,09,CHUPACA,09,YANACANCHA, , ,1
130101,13,LA LIBERTAD,01,TRUJILLO,01,TRUJILLO,26,43,38
130102,13,LA LIBERTAD,01,TRUJILLO,02,EL PORVENIR,41,35,20
130103,13,LA LIBERTAD,01,TRUJILLO,03,FLORENCIA DE MORA,22,3,2
130104,13,LA LIBERTAD,01,TRUJILLO,04,HUANCHACO,9, ,2
130105,13,LA LIBERTAD,01,TRUJILLO,05,LA ESPERANZA,22,20,23
130106,13,LA LIBERTAD,01,TRUJILLO,06,LAREDO,2,1, 
130107,13,LA LIBERTAD,01,TRUJILLO,07,MOCHE,6,4, 
130108,13,LA LIBERTAD,01,TRUJILLO,08,POROTO,1, , 
130109,13,LA LIBERTAD,01,TRUJILLO,09,SALAVERRY,2, ,2
130110,13,LA LIBERTAD,01,TRUJILLO,10,SIMBAL,1, , 
130111,13,LA LIBERTAD,01,TRUJILLO,11,VICTOR LARCO HERRERA,3,1, 
130202,13,LA LIBERTAD,02,ASCOPE,02,CHICAMA,2,1,3
130203,13,LA LIBERTAD,02,ASCOPE,03,CHOCOPE,1, , 
130205,13,LA LIBERTAD,02,ASCOPE,05,PAIJAN,7, , 
130206,13,LA LIBERTAD,02,ASCOPE,06,RAZURI, ,3,13
130207,13,LA LIBERTAD,02,ASCOPE,07,SANTIAGO DE CAO,2, , 
130208,13,LA LIBERTAD,02,ASCOPE,08,CASA GRANDE,4,2,1
130301,13,LA LIBERTAD,03,BOLIVAR,01,BOLIVAR, , ,1
130401,13,LA LIBERTAD,04,CHEPEN,01,CHEPEN,7, ,5
130402,13,LA LIBERTAD,04,CHEPEN,02,PACANGA,1,1, 
130403,13,LA LIBERTAD,04,CHEPEN,03,PUEBLO NUEVO, ,7, 
130501,13,LA LIBERTAD,05,JULCAN,01,JULCAN, ,1, 
130601,13,LA LIBERTAD,06,OTUZCO,01,OTUZCO,4,3,1
130602,13,LA LIBERTAD,06,OTUZCO,02,AGALLPAMPA, ,1, 
130605,13,LA LIBERTAD,06,OTUZCO,05,HUARANCHAL,1, , 
130608,13,LA LIBERTAD,06,OTUZCO,08,MACHE, ,1, 
130611,13,LA LIBERTAD,06,OTUZCO,11,SALPO,2, , 
130613,13,LA LIBERTAD,06,OTUZCO,13,SINSICAP,3, , 
130614,13,LA LIBERTAD,06,OTUZCO,14,USQUIL,2,1,1
130702,13,LA LIBERTAD,07,PACASMAYO,02,GUADALUPE,2,5,2
130705,13,LA LIBERTAD,07,PACASMAYO,05,SAN JOSE,1, , 
130801,13,LA LIBERTAD,08,PATAZ,01,TAYABAMBA,1,3, 
130802,13,LA LIBERTAD,08,PATAZ,02,BULDIBUYO, ,1, 
130803,13,LA LIBERTAD,08,PATAZ,03,CHILLIA, ,1, 
130804,13,LA LIBERTAD,08,PATAZ,04,HUANCASPATA,1, , 
130808,13,LA LIBERTAD,08,PATAZ,08,PARCOY,6, , 
130809,13,LA LIBERTAD,08,PATAZ,09,PATAZ,2,1, 
130901,13,LA LIBERTAD,09,SANCHEZ CARRION,01,HUAMACHUCO,2,10, 
130902,13,LA LIBERTAD,09,SANCHEZ CARRION,02,CHUGAY,2, , 
130903,13,LA LIBERTAD,09,SANCHEZ CARRION,03,COCHORCO,2, , 
130904,13,LA LIBERTAD,09,SANCHEZ CARRION,04,CURGOS,1, , 
130906,13,LA LIBERTAD,09,SANCHEZ CARRION,06,SANAGORAN,3, , 
130907,13,LA LIBERTAD,09,SANCHEZ CARRION,07,SARIN,3, , 
130908,13,LA LIBERTAD,09,SANCHEZ CARRION,08,SARTIMBAMBA,1, ,6
131001,13,LA LIBERTAD,10,SANTIAGO DE CHUCO,01,SANTIAGO DE CHUCO,1,3, 
131002,13,LA LIBERTAD,10,SANTIAGO DE CHUCO,02,ANGASMARCA,2,1, 
131003,13,LA LIBERTAD,10,SANTIAGO DE CHUCO,03,CACHICADAN, ,2, 
131103,13,LA LIBERTAD,11,GRAN CHIMU,03,MARMOT, ,1, 
131104,13,LA LIBERTAD,11,GRAN CHIMU,04,SAYAPULLO, , ,1
131201,13,LA LIBERTAD,12,VIRU,01,VIRU,7,1,14
131202,13,LA LIBERTAD,12,VIRU,02,CHAO,9,17,5
131203,13,LA LIBERTAD,12,VIRU,03,GUADALUPITO,1,1, 
140101,14,LAMBAYEQUE,01,CHICLAYO,01,CHICLAYO,29,2,5
140102,14,LAMBAYEQUE,01,CHICLAYO,02,CHONGOYAPE, ,1, 
140103,14,LAMBAYEQUE,01,CHICLAYO,03,ETEN, , ,1
140105,14,LAMBAYEQUE,01,CHICLAYO,05,JOSE LEONARDO ORTIZ,8,45,2
140106,14,LAMBAYEQUE,01,CHICLAYO,06,LA VICTORIA,1,1,51
140107,14,LAMBAYEQUE,01,CHICLAYO,07,LAGUNAS, , ,1
140108,14,LAMBAYEQUE,01,CHICLAYO,08,MONSEFU,4,3, 
140113,14,LAMBAYEQUE,01,CHICLAYO,13,REQUE,1, ,1
140114,14,LAMBAYEQUE,01,CHICLAYO,14,SANTA ROSA, ,1, 
140115,14,LAMBAYEQUE,01,CHICLAYO,15,SA+æA,3, , 
140116,14,LAMBAYEQUE,01,CHICLAYO,16,CAYALTI,1, , 
140117,14,LAMBAYEQUE,01,CHICLAYO,17,PATAPO,2, , 
140120,14,LAMBAYEQUE,01,CHICLAYO,20,TUMAN,2, , 
140205,14,LAMBAYEQUE,02,FERRE+æAFE,05,PITIPO,1,1, 
140303,14,LAMBAYEQUE,03,LAMBAYEQUE,03,ILLIMO, ,1, 
140304,14,LAMBAYEQUE,03,LAMBAYEQUE,04,JAYANCA, ,1, 
140305,14,LAMBAYEQUE,03,LAMBAYEQUE,05,MOCHUMI, , ,1
140306,14,LAMBAYEQUE,03,LAMBAYEQUE,06,MORROPE, ,1,1
140308,14,LAMBAYEQUE,03,LAMBAYEQUE,08,OLMOS,1,1, 
140310,14,LAMBAYEQUE,03,LAMBAYEQUE,10,SALAS,1,2, 
150101,15,LIMA,01,LIMA,01,LIMA,28,26,14
150102,15,LIMA,01,LIMA,02,ANCON,2,2, 
150103,15,LIMA,01,LIMA,03,ATE,24,14,30
150104,15,LIMA,01,LIMA,04,BARRANCO,1, ,1
150105,15,LIMA,01,LIMA,05,BRE+æA,5,3,2
150106,15,LIMA,01,LIMA,06,CARABAYLLO,26,24,22
150107,15,LIMA,01,LIMA,07,CHACLACAYO, , ,7
150108,15,LIMA,01,LIMA,08,CHORRILLOS,17,130,23
150110,15,LIMA,01,LIMA,10,COMAS,32,29,35
150111,15,LIMA,01,LIMA,11,EL AGUSTINO,14,20,15
150112,15,LIMA,01,LIMA,12,INDEPENDENCIA,14,40,19
150113,15,LIMA,01,LIMA,13,JESUS MARIA, ,4,2
150114,15,LIMA,01,LIMA,14,LA MOLINA,5, ,1
150115,15,LIMA,01,LIMA,15,LA VICTORIA,11,11,5
150116,15,LIMA,01,LIMA,16,LINCE,4, ,1
150117,15,LIMA,01,LIMA,17,LOS OLIVOS,15,55,23
150118,15,LIMA,01,LIMA,18,LURIGANCHO,15,13,1
150119,15,LIMA,01,LIMA,19,LURIN,3,8,18
150120,15,LIMA,01,LIMA,20,MAGDALENA DEL MAR, , ,13
150121,15,LIMA,01,LIMA,21,PUEBLO LIBRE,5,9, 
150122,15,LIMA,01,LIMA,22,MIRAFLORES, ,2,5
150123,15,LIMA,01,LIMA,23,PACHACAMAC,6,1,6
150124,15,LIMA,01,LIMA,24,PUCUSANA,1, , 
150125,15,LIMA,01,LIMA,25,PUENTE PIEDRA,13,22,26
150126,15,LIMA,01,LIMA,26,PUNTA HERMOSA,3,1,1
150127,15,LIMA,01,LIMA,27,PUNTA NEGRA, , ,1
150128,15,LIMA,01,LIMA,28,RIMAC,7,1,186
150129,15,LIMA,01,LIMA,29,SAN BARTOLO,1,3, 
150130,15,LIMA,01,LIMA,30,SAN BORJA,3,4,5
150131,15,LIMA,01,LIMA,31,SAN ISIDRO,3,4,2
150132,15,LIMA,01,LIMA,32,SAN JUAN DE LURIGANCHO,49,61,76
150133,15,LIMA,01,LIMA,33,SAN JUAN DE MIRAFLORES,13,30,19
150134,15,LIMA,01,LIMA,34,SAN LUIS,1, , 
150135,15,LIMA,01,LIMA,35,SAN MARTIN DE PORRES,42,50,32
150136,15,LIMA,01,LIMA,36,SAN MIGUEL,4,7,2
150137,15,LIMA,01,LIMA,37,SANTA ANITA,8,22,12
150139,15,LIMA,01,LIMA,39,SANTA ROSA, ,1, 
150140,15,LIMA,01,LIMA,40,SANTIAGO DE SURCO,9,4,12
150141,15,LIMA,01,LIMA,41,SURQUILLO,3, ,2
150142,15,LIMA,01,LIMA,42,VILLA EL SALVADOR,28,33,26
150143,15,LIMA,01,LIMA,43,VILLA MARIA DEL TRIUNFO,28,25,30
150201,15,LIMA,02,BARRANCA,01,BARRANCA,18,24,49
150202,15,LIMA,02,BARRANCA,02,PARAMONGA,7,7,10
150203,15,LIMA,02,BARRANCA,03,PATIVILCA,8, ,2
150204,15,LIMA,02,BARRANCA,04,SUPE,2, , 
150205,15,LIMA,02,BARRANCA,05,SUPE PUERTO,1, , 
150303,15,LIMA,03,CAJATAMBO,03,GORGOR,1, ,1
150501,15,LIMA,05,CA+æETE,01,SAN VICENTE DE CA+æETE,5,14,15
150502,15,LIMA,05,CA+æETE,02,ASIA,1, , 
150504,15,LIMA,05,CA+æETE,04,CERRO AZUL,1, , 
150505,15,LIMA,05,CA+æETE,05,CHILCA,1,3, 
150507,15,LIMA,05,CA+æETE,07,IMPERIAL,12,7, 
150509,15,LIMA,05,CA+æETE,09,MALA,1,2, 
150510,15,LIMA,05,CA+æETE,10,NUEVO IMPERIAL,6,3,1
150512,15,LIMA,05,CA+æETE,12,QUILMANA,3,5,2
150513,15,LIMA,05,CA+æETE,13,SAN ANTONIO, ,1,1
150514,15,LIMA,05,CA+æETE,14,SAN LUIS,1, ,1
150516,15,LIMA,05,CA+æETE,16,ZU+æIGA, , ,1
150601,15,LIMA,06,HUARAL,01,HUARAL,15,24,7
150604,15,LIMA,06,HUARAL,04,AUCALLAMA,6,7,1
150605,15,LIMA,06,HUARAL,05,CHANCAY,15,6,22
150701,15,LIMA,07,HUAROCHIRI,01,MATUCANA,1, , 
150709,15,LIMA,07,HUAROCHIRI,09,HUAROCHIRI, , ,1
150716,15,LIMA,07,HUAROCHIRI,16,SAN ANTONIO, , ,3
150801,15,LIMA,08,HUAURA,01,HUACHO,4,15,7
150802,15,LIMA,08,HUAURA,02,AMBAR, , ,1
150805,15,LIMA,08,HUAURA,05,HUALMAY,1, , 
150806,15,LIMA,08,HUAURA,06,HUAURA,2, ,1
150810,15,LIMA,08,HUAURA,10,SANTA MARIA,2, , 
150811,15,LIMA,08,HUAURA,11,SAYAN,7,3,3
150812,15,LIMA,08,HUAURA,12,VEGUETA,2,2,4
150901,15,LIMA,09,OYON,01,OYON,1,1,2
150906,15,LIMA,09,OYON,06,PACHANGARA, , ,3
151008,15,LIMA,10,YAUYOS,08,CATAHUASI,2,1, 
160101,16,LORETO,01,MAYNAS,01,IQUITOS,2,10, 
160103,16,LORETO,01,MAYNAS,03,FERNANDO LORES, ,1, 
160106,16,LORETO,01,MAYNAS,06,MAZAN, ,2, 
160107,16,LORETO,01,MAYNAS,07,NAPO, ,3,2
160108,16,LORETO,01,MAYNAS,08,PUNCHANA,1, , 
160112,16,LORETO,01,MAYNAS,12,BELEN,1,1,3
160113,16,LORETO,01,MAYNAS,13,SAN JUAN BAUTISTA,3, ,3
160201,16,LORETO,02,ALTO AMAZONAS,01,YURIMAGUAS,12,12,15
160202,16,LORETO,02,ALTO AMAZONAS,02,BALSAPUERTO,3, , 
160211,16,LORETO,02,ALTO AMAZONAS,11,TENIENTE CESAR LOPEZ ROJAS,1, , 
160301,16,LORETO,03,LORETO,01,NAUTA,3, , 
160304,16,LORETO,03,LORETO,04,TROMPETEROS, , ,1
160401,16,LORETO,04,MARISCAL RAMON CASTILLA,01,RAMON CASTILLA,1,2,4
160402,16,LORETO,04,MARISCAL RAMON CASTILLA,02,PEBAS,2,2,1
160404,16,LORETO,04,MARISCAL RAMON CASTILLA,04,SAN PABLO,2,1, 
160501,16,LORETO,05,REQUENA,01,REQUENA, ,1,1
160601,16,LORETO,06,UCAYALI,01,CONTAMANA,1,1, 
160701,16,LORETO,07,DATEM DEL MARA+æON,01,BARRANCA,5,3, 
160706,16,LORETO,07,DATEM DEL MARA+æON,06,ANDOAS,1, , 
170101,17,MADRE DE DIOS,01,TAMBOPATA,01,TAMBOPATA,15,27,43
170102,17,MADRE DE DIOS,01,TAMBOPATA,02,INAMBARI,4,4,14
170103,17,MADRE DE DIOS,01,TAMBOPATA,03,LAS PIEDRAS,2, , 
170104,17,MADRE DE DIOS,01,TAMBOPATA,04,LABERINTO, , ,4
170203,17,MADRE DE DIOS,02,MANU,03,MADRE DE DIOS,1,1,2
170204,17,MADRE DE DIOS,02,MANU,04,HUEPETUHE,3, ,3
170302,17,MADRE DE DIOS,03,TAHUAMANU,02,IBERIA,1, ,1
180101,18,MOQUEGUA,01,MARISCAL NIETO,01,MOQUEGUA,3,5,6
180102,18,MOQUEGUA,01,MARISCAL NIETO,02,CARUMAS,1,1, 
180105,18,MOQUEGUA,01,MARISCAL NIETO,05,SAN CRISTOBAL, ,1, 
180106,18,MOQUEGUA,01,MARISCAL NIETO,06,TORATA, , ,2
180204,18,MOQUEGUA,02,GENERAL SANCHEZ CERRO,04,ICHU+æA, , ,2
180208,18,MOQUEGUA,02,GENERAL SANCHEZ CERRO,08,PUQUINA,1,1, 
180210,18,MOQUEGUA,02,GENERAL SANCHEZ CERRO,10,UBINAS, ,1,1
180301,18,MOQUEGUA,03,ILO,01,ILO,2,3,4
180302,18,MOQUEGUA,03,ILO,02,EL ALGARROBAL,1,1, 
190101,19,PASCO,01,PASCO,01,CHAUPIMARCA,2,1,2
190102,19,PASCO,01,PASCO,02,HUACHON, , ,1
190103,19,PASCO,01,PASCO,03,HUARIACA, , ,4
190104,19,PASCO,01,PASCO,04,HUAYLLAY,1, , 
190105,19,PASCO,01,PASCO,05,NINACACA,1, , 
190107,19,PASCO,01,PASCO,07,PAUCARTAMBO, ,2,1
190109,19,PASCO,01,PASCO,09,SIMON BOLIVAR,1, ,1
190110,19,PASCO,01,PASCO,10,TICLACAYAN,1, , 
190113,19,PASCO,01,PASCO,13,YANACANCHA,11, ,1
190201,19,PASCO,02,DANIEL ALCIDES CARRION,01,YANAHUANCA, , ,4
190202,19,PASCO,02,DANIEL ALCIDES CARRION,02,CHACAYAN,1,1,1
190204,19,PASCO,02,DANIEL ALCIDES CARRION,04,PAUCAR, ,1,1
190206,19,PASCO,02,DANIEL ALCIDES CARRION,06,SANTA ANA DE TUSI,1, , 
190208,19,PASCO,02,DANIEL ALCIDES CARRION,08,VILCABAMBA, , ,2
190301,19,PASCO,03,OXAPAMPA,01,OXAPAMPA, ,1,2
190304,19,PASCO,03,OXAPAMPA,04,PALCAZU, ,2,7
190305,19,PASCO,03,OXAPAMPA,05,POZUZO,1, , 
190306,19,PASCO,03,OXAPAMPA,06,PUERTO BERMUDEZ,5, , 
190308,19,PASCO,03,OXAPAMPA,08,CONSTITUCION,14,8,14
200101,20,PIURA,01,PIURA,01,PIURA,26,35,48
200104,20,PIURA,01,PIURA,04,CASTILLA,9,5,4
200105,20,PIURA,01,PIURA,05,CATACAOS,2, ,1
200107,20,PIURA,01,PIURA,07,CURA MORI, ,2, 
200109,20,PIURA,01,PIURA,09,LA ARENA,1,2, 
200110,20,PIURA,01,PIURA,10,LA UNION,2, , 
200111,20,PIURA,01,PIURA,11,LAS LOMAS,3,1,2
200114,20,PIURA,01,PIURA,14,TAMBO GRANDE,1,3, 
200115,20,PIURA,01,PIURA,15,VEINTISEIS DE OCTUBRE,7, ,3
200201,20,PIURA,02,AYABACA,01,AYABACA,6,8,1
200202,20,PIURA,02,AYABACA,02,FRIAS,2,4, 
200206,20,PIURA,02,AYABACA,06,PACAIPAMPA, , ,2
200207,20,PIURA,02,AYABACA,07,PAIMAS, ,10, 
200208,20,PIURA,02,AYABACA,08,SAPILLICA, ,2, 
200210,20,PIURA,02,AYABACA,10,SUYO,7, ,2
200301,20,PIURA,03,HUANCABAMBA,01,HUANCABAMBA,2,1, 
200302,20,PIURA,03,HUANCABAMBA,02,CANCHAQUE, , ,2
200303,20,PIURA,03,HUANCABAMBA,03,EL CARMEN DE LA FRONTERA,1,1,4
200304,20,PIURA,03,HUANCABAMBA,04,HUARMACA,2,2,2
200306,20,PIURA,03,HUANCABAMBA,06,SAN MIGUEL DE EL FAIQUE,3, , 
200307,20,PIURA,03,HUANCABAMBA,07,SONDOR, , ,1
200308,20,PIURA,03,HUANCABAMBA,08,SONDORILLO, ,1, 
200401,20,PIURA,04,MORROPON,01,CHULUCANAS,2,5,2
200407,20,PIURA,04,MORROPON,07,SAN JUAN DE BIGOTE, ,1, 
200409,20,PIURA,04,MORROPON,09,SANTO DOMINGO,1, , 
200501,20,PIURA,05,PAITA,01,PAITA,3,4,5
200507,20,PIURA,05,PAITA,07,VICHAYAL,1, , 
200601,20,PIURA,06,SULLANA,01,SULLANA,25,16,1
200602,20,PIURA,06,SULLANA,02,BELLAVISTA,3, ,18
200605,20,PIURA,06,SULLANA,05,MARCAVELICA, , ,1
200606,20,PIURA,06,SULLANA,06,MIGUEL CHECA, ,1, 
200607,20,PIURA,06,SULLANA,07,QUERECOTILLO,1,1,1
200608,20,PIURA,06,SULLANA,08,SALITRAL,1, , 
200701,20,PIURA,07,TALARA,01,PARI+æAS, ,6, 
200706,20,PIURA,07,TALARA,06,MANCORA,1, , 
200801,20,PIURA,08,SECHURA,01,SECHURA,1, , 
210101,21,PUNO,01,PUNO,01,PUNO,4,23,25
210102,21,PUNO,01,PUNO,02,ACORA, ,1,1
210105,21,PUNO,01,PUNO,05,CAPACHICA, ,1, 
210106,21,PUNO,01,PUNO,06,CHUCUITO,2,2, 
210109,21,PUNO,01,PUNO,09,MA+æAZO,1, ,1
210110,21,PUNO,01,PUNO,10,PAUCARCOLLA, , ,3
210111,21,PUNO,01,PUNO,11,PICHACANI, ,1, 
210201,21,PUNO,02,AZANGARO,01,AZANGARO,2,3, 
210203,21,PUNO,02,AZANGARO,03,ARAPA,1, , 
210204,21,PUNO,02,AZANGARO,04,ASILLO, , ,1
210207,21,PUNO,02,AZANGARO,07,JOSE DOMINGO CHOQUEHUANCA,1, , 
210208,21,PUNO,02,AZANGARO,08,MU+æANI, , ,1
210209,21,PUNO,02,AZANGARO,09,POTONI,1, ,1
210210,21,PUNO,02,AZANGARO,10,SAMAN, , ,2
210301,21,PUNO,03,CARABAYA,01,MACUSANI,1,1,2
210401,21,PUNO,04,CHUCUITO,01,JULI,2, ,2
210402,21,PUNO,04,CHUCUITO,02,DESAGUADERO, , ,2
210406,21,PUNO,04,CHUCUITO,06,POMATA,3, , 
210407,21,PUNO,04,CHUCUITO,07,ZEPITA,1,1,2
210501,21,PUNO,05,EL COLLAO,01,ILAVE,6,7,2
210503,21,PUNO,05,EL COLLAO,03,PILCUYO, ,1,2
210504,21,PUNO,05,EL COLLAO,04,SANTA ROSA, , ,1
210505,21,PUNO,05,EL COLLAO,05,CONDURIRI,1, , 
210601,21,PUNO,06,HUANCANE,01,HUANCANE,1, , 
210605,21,PUNO,06,HUANCANE,05,PUSI,1, ,1
210606,21,PUNO,06,HUANCANE,06,ROSASPATA,2, , 
210608,21,PUNO,06,HUANCANE,08,VILQUE CHICO,1, ,3
210701,21,PUNO,07,LAMPA,01,LAMPA, ,1, 
210702,21,PUNO,07,LAMPA,02,CABANILLA,1,1, 
210707,21,PUNO,07,LAMPA,07,PARATIA, , ,1
210708,21,PUNO,07,LAMPA,08,PUCARA,1,1,1
210709,21,PUNO,07,LAMPA,09,SANTA LUCIA,1,1, 
210801,21,PUNO,08,MELGAR,01,AYAVIRI,3,3,1
210806,21,PUNO,08,MELGAR,06,NU+æOA,1,1,1
210901,21,PUNO,09,MOHO,01,MOHO, , ,2
210904,21,PUNO,09,MOHO,04,TILALI,1, , 
211001,21,PUNO,10,SAN ANTONIO DE PUTINA,01,PUTINA, , ,7
211002,21,PUNO,10,SAN ANTONIO DE PUTINA,02,ANANEA,23,16,26
211004,21,PUNO,10,SAN ANTONIO DE PUTINA,04,QUILCAPUNCU, ,2, 
211005,21,PUNO,10,SAN ANTONIO DE PUTINA,05,SINA,1, , 
211101,21,PUNO,11,SAN ROMAN,01,JULIACA,26,24,35
211102,21,PUNO,11,SAN ROMAN,02,CABANA,3, , 
211104,21,PUNO,11,SAN ROMAN,04,CARACOTO, , ,1
211201,21,PUNO,12,SANDIA,01,SANDIA, ,1, 
211204,21,PUNO,12,SANDIA,04,PATAMBUCO,1, ,2
211209,21,PUNO,12,SANDIA,09,ALTO INAMBARI, , ,2
211210,21,PUNO,12,SANDIA,10,SAN PEDRO DE PUTINA PUNCO, , ,1
211301,21,PUNO,13,YUNGUYO,01,YUNGUYO,2,4,11
211303,21,PUNO,13,YUNGUYO,03,COPANI,1, ,2
220101,22,SAN MARTIN,01,MOYOBAMBA,01,MOYOBAMBA,17,17,13
220102,22,SAN MARTIN,01,MOYOBAMBA,02,CALZADA,1, , 
220104,22,SAN MARTIN,01,MOYOBAMBA,04,JEPELACIO,2, ,1
220105,22,SAN MARTIN,01,MOYOBAMBA,05,SORITOR,1,1,6
220106,22,SAN MARTIN,01,MOYOBAMBA,06,YANTALO,1, , 
220201,22,SAN MARTIN,02,BELLAVISTA,01,BELLAVISTA, ,2, 
220202,22,SAN MARTIN,02,BELLAVISTA,02,ALTO BIAVO,2, , 
220203,22,SAN MARTIN,02,BELLAVISTA,03,BAJO BIAVO,7,1, 
220205,22,SAN MARTIN,02,BELLAVISTA,05,SAN PABLO,1,1, 
220206,22,SAN MARTIN,02,BELLAVISTA,06,SAN RAFAEL,2, , 
220301,22,SAN MARTIN,03,EL DORADO,01,SAN JOSE DE SISA,2,1,2
220303,22,SAN MARTIN,03,EL DORADO,03,SAN MARTIN, , ,1
220401,22,SAN MARTIN,04,HUALLAGA,01,SAPOSOA,2, ,3
220405,22,SAN MARTIN,04,HUALLAGA,05,SACANCHE,1, , 
220406,22,SAN MARTIN,04,HUALLAGA,06,TINGO DE SAPOSOA,1, , 
220501,22,SAN MARTIN,05,LAMAS,01,LAMAS,2,1,1
220502,22,SAN MARTIN,05,LAMAS,02,ALONSO DE ALVARADO,2,1,1
220503,22,SAN MARTIN,05,LAMAS,03,BARRANQUITA, ,1, 
220504,22,SAN MARTIN,05,LAMAS,04,CAYNARACHI,4, ,2
220506,22,SAN MARTIN,05,LAMAS,06,PINTO RECODO,2, ,2
220508,22,SAN MARTIN,05,LAMAS,08,SAN ROQUE DE CUMBAZA,1, , 
220510,22,SAN MARTIN,05,LAMAS,10,TABALOSOS,1,2, 
220601,22,SAN MARTIN,06,MARISCAL CACERES,01,JUANJUI,3,8,3
220602,22,SAN MARTIN,06,MARISCAL CACERES,02,CAMPANILLA,3, ,1
220603,22,SAN MARTIN,06,MARISCAL CACERES,03,HUICUNGO,4, , 
220701,22,SAN MARTIN,07,PICOTA,01,PICOTA, ,2, 
220707,22,SAN MARTIN,07,PICOTA,07,SAN HILARION,1, ,1
220708,22,SAN MARTIN,07,PICOTA,08,SHAMBOYACU,1, , 
220709,22,SAN MARTIN,07,PICOTA,09,TINGO DE PONASA,1, , 
220801,22,SAN MARTIN,08,RIOJA,01,RIOJA, ,3,5
220802,22,SAN MARTIN,08,RIOJA,02,AWAJUN,1,9,13
220803,22,SAN MARTIN,08,RIOJA,03,ELIAS SOPLIN VARGAS, ,1,1
220804,22,SAN MARTIN,08,RIOJA,04,NUEVA CAJAMARCA,7, , 
220805,22,SAN MARTIN,08,RIOJA,05,PARDO MIGUEL,9, , 
220809,22,SAN MARTIN,08,RIOJA,09,YURACYACU,2, , 
220901,22,SAN MARTIN,09,SAN MARTIN,01,TARAPOTO,3,3,6
220904,22,SAN MARTIN,09,SAN MARTIN,04,CHAZUTA, ,1, 
220906,22,SAN MARTIN,09,SAN MARTIN,06,EL PORVENIR,1,1,1
220909,22,SAN MARTIN,09,SAN MARTIN,09,LA BANDA DE SHILCAYO,4,2,2
220910,22,SAN MARTIN,09,SAN MARTIN,10,MORALES, , ,1
221001,22,SAN MARTIN,10,TOCACHE,01,TOCACHE,2,9,5
221002,22,SAN MARTIN,10,TOCACHE,02,NUEVO PROGRESO,6, ,1
221003,22,SAN MARTIN,10,TOCACHE,03,POLVORA, ,3, 
221005,22,SAN MARTIN,10,TOCACHE,05,UCHIZA,1,1, 
230101,23,TACNA,01,TACNA,01,TACNA,4,2, 
230102,23,TACNA,01,TACNA,02,ALTO DE LA ALIANZA,1, , 
230103,23,TACNA,01,TACNA,03,CALANA, , ,1
230104,23,TACNA,01,TACNA,04,CIUDAD NUEVA,3, , 
230108,23,TACNA,01,TACNA,08,POCOLLAY, , ,1
230110,23,TACNA,01,TACNA,10,CORONEL GREGORIO ALBARRACIN LANCHIPA,9,14,9
230302,23,TACNA,03,JORGE BASADRE,02,ILABAYA,1, , 
230401,23,TACNA,04,TARATA,01,TARATA,1,1, 
240101,24,TUMBES,01,TUMBES,01,TUMBES,42, ,3
240102,24,TUMBES,01,TUMBES,02,CORRALES,3,48,1
240103,24,TUMBES,01,TUMBES,03,LA CRUZ,1, ,63
240104,24,TUMBES,01,TUMBES,04,PAMPAS DE HOSPITAL,1, , 
240105,24,TUMBES,01,TUMBES,05,SAN JACINTO,1, , 
240301,24,TUMBES,03,ZARUMILLA,01,ZARUMILLA, ,6, 
240302,24,TUMBES,03,ZARUMILLA,02,AGUAS VERDES, ,1,3
240304,24,TUMBES,03,ZARUMILLA,04,PAPAYAL,1, , 
250101,25,UCAYALI,01,CORONEL PORTILLO,01,CALLERIA,5,2,2
250102,25,UCAYALI,01,CORONEL PORTILLO,02,CAMPOVERDE,4,1,30
250104,25,UCAYALI,01,CORONEL PORTILLO,04,MASISEA,1,3, 
250105,25,UCAYALI,01,CORONEL PORTILLO,05,YARINACOCHA,9,20,7
250106,25,UCAYALI,01,CORONEL PORTILLO,06,NUEVA REQUENA,3,1, 
250107,25,UCAYALI,01,CORONEL PORTILLO,07,MANANTAY,9,5,3
250201,25,UCAYALI,02,ATALAYA,01,RAYMONDI,2,1,3
250301,25,UCAYALI,03,PADRE ABAD,01,PADRE ABAD,5,6,8
250302,25,UCAYALI,03,PADRE ABAD,02,IRAZOLA,8,3,1
250303,25,UCAYALI,03,PADRE ABAD,03,CURIMANA,1,5,5
250304,25,UCAYALI,03,PADRE ABAD,04,NESHUYA, , ,1
250305,25,UCAYALI,03,PADRE ABAD,05,ALEXANDER VON HUMBOLDT, , ,1
250401,25,UCAYALI,04,PURUS,01,PURUS, ,1, 
